Gisella,Pavlishchev,gpavlishchev0,gpavlishchev0@independent.co.uk,Operator,Malaysian,Female
Brett,Wiggin,bwiggin1,bwiggin1@bloglovin.com,Research Assistant III,Colombian,Female
Claudia,Runcie,cruncie2,cruncie2@g.co,Research Assistant I,Malaysian,Female
Cory,Jenno,cjenno3,cjenno3@topsy.com,Sales Associate,Bangladeshi,Male
Orlando,Tidman,otidman4,otidman4@intel.com,Help Desk Technician,Native Hawaiian and Other Pacific Islander (NHPI),Male
Teirtza,Heinssen,theinssen5,theinssen5@time.com,VP Quality Control,Nicaraguan,Female
Esmeralda,Greenstead,egreenstead6,egreenstead6@ucsd.edu,VP Accounting,Tohono O'Odham,Female
Eliot,Staples,estaples7,estaples7@reuters.com,Sales Associate,Sri Lankan,Male
Basilius,Kingshott,bkingshott8,bkingshott8@businesswire.com,Human Resources Assistant II,Shoshone,Male
Jerrilee,Hasell,jhasell9,jhasell9@amazonaws.com,Electrical Engineer,Houma,Female
Rudy,Urvoy,rurvoya,rurvoya@lulu.com,Structural Engineer,South American,Male
Duky,Gravy,dgravyb,dgravyb@va.gov,Operator,Cheyenne,Male
Catlee,Cadd,ccaddc,ccaddc@cdbaby.com,GIS Technical Architect,Navajo,Female
Marney,Garretson,mgarretsond,mgarretsond@wix.com,Associate Professor,Pueblo,Female
Magdalene,Maddie,mmaddiee,mmaddiee@marriott.com,Dental Hygienist,Puerto Rican,Female
Byrle,Crommett,bcrommettf,bcrommettf@reddit.com,Office Assistant IV,Native Hawaiian and Other Pacific Islander (NHPI),Male
Kristal,O'Sherin,koshering,koshering@reverbnation.com,Chemical Engineer,Polynesian,Female
Catherin,Heddon,cheddonh,cheddonh@shareasale.com,Recruiter,Cambodian,Female
Iorgo,Zellmer,izellmeri,izellmeri@drupal.org,Account Representative III,Puerto Rican,Male
Sigmund,Reekie,sreekiej,sreekiej@livejournal.com,Senior Financial Analyst,Alaskan Athabascan,Male
Thurston,Woodyeare,twoodyearek,twoodyearek@chron.com,Recruiting Manager,Paiute,Male
Willie,Murdy,wmurdyl,wmurdyl@scientificamerican.com,Senior Quality Engineer,Shoshone,Male
Giusto,Shervil,gshervilm,gshervilm@bing.com,Health Coach IV,Honduran,Male
Kingston,Burbage,kburbagen,kburbagen@nba.com,Design Engineer,Costa Rican,Male
Mella,Goodbar,mgoodbaro,mgoodbaro@scribd.com,Compensation Analyst,Pueblo,Female
Winslow,Dee,wdeep,wdeep@adobe.com,Internal Auditor,Asian Indian,Male
Caleb,Woonton,cwoontonq,cwoontonq@yahoo.co.jp,Tax Accountant,Native Hawaiian and Other Pacific Islander (NHPI),Male
Oriana,Jopson,ojopsonr,ojopsonr@blogtalkradio.com,Professor,Peruvian,Female
Goddard,Klimko,gklimkos,gklimkos@etsy.com,Clinical Specialist,Cherokee,Male
Kari,Need,kneedt,kneedt@clickbank.net,Desktop Support Technician,Laotian,Female
Adaline,Frunks,afrunksu,afrunksu@hibu.com,Compensation Analyst,Pakistani,Female
Emelita,Riddel,eriddelv,eriddelv@adobe.com,Database Administrator III,Bangladeshi,Female
Arlette,Yatman,ayatmanw,ayatmanw@cisco.com,Chemical Engineer,Chilean,Female
Hunter,Stiffell,hstiffellx,hstiffellx@fastcompany.com,Accountant II,White,Male
Rosa,Gantzman,rgantzmany,rgantzmany@techcrunch.com,Occupational Therapist,Eskimo,Female
Aguistin,Maplethorp,amaplethorpz,amaplethorpz@baidu.com,Teacher,Mexican,Male
Sella,Rutley,srutley10,srutley10@xing.com,Structural Analysis Engineer,Shoshone,Female
Archer,Daspar,adaspar11,adaspar11@economist.com,Computer Systems Analyst III,Dominican (Dominican Republic),Male
Ody,Doodney,odoodney12,odoodney12@cafepress.com,Quality Control Specialist,Puerto Rican,Male
Brewer,Martschke,bmartschke13,bmartschke13@marriott.com,Data Coordiator,Nicaraguan,Male
Silvano,Muir,smuir14,smuir14@soundcloud.com,General Manager,Lumbee,Male
Gavin,Ginman,gginman15,gginman15@so-net.ne.jp,Business Systems Development Analyst,Thai,Male
Keely,Lorentz,klorentz16,klorentz16@nps.gov,Junior Executive,Native Hawaiian and Other Pacific Islander (NHPI),Female
Bancroft,Chetwin,bchetwin17,bchetwin17@tamu.edu,Assistant Professor,Salvadoran,Male
Homer,Castelain,hcastelain18,hcastelain18@webeden.co.uk,Chemical Engineer,Shoshone,Male
Nanni,Gibbard,ngibbard19,ngibbard19@dedecms.com,Associate Professor,Ottawa,Female
Sandy,Heffer,sheffer1a,sheffer1a@51.la,Accounting Assistant IV,Delaware,Male
Aurora,Lockhart,alockhart1b,alockhart1b@spotify.com,Senior Financial Analyst,Polynesian,Female
Michal,Balaison,mbalaison1c,mbalaison1c@themeforest.net,Web Developer IV,Costa Rican,Male
Bealle,Alman,balman1d,balman1d@xrea.com,Tax Accountant,Guatemalan,Male
Valeria,Derye-Barrett,vderyebarrett1e,vderyebarrett1e@whitehouse.gov,Civil Engineer,Sri Lankan,Female
Becki,Rouby,brouby1f,brouby1f@drupal.org,Payment Adjustment Coordinator,Central American,Female
Collen,Vaskin,cvaskin1g,cvaskin1g@hubpages.com,Librarian,Tongan,Female
Collen,Mc Carrick,cmccarrick1h,cmccarrick1h@skype.com,Budget/Accounting Analyst III,Colville,Female
Kathleen,O' Mulderrig,komulderrig1i,komulderrig1i@boston.com,Account Coordinator,Chippewa,Female
Corey,Espie,cespie1j,cespie1j@gov.uk,Librarian,Sioux,Female
Elena,O'Malley,eomalley1k,eomalley1k@baidu.com,Sales Representative,Chinese,Female
Bessy,Murney,bmurney1l,bmurney1l@aboutads.info,Web Developer I,Shoshone,Female
Cory,Besset,cbesset1m,cbesset1m@apple.com,Desktop Support Technician,Osage,Male
Marianne,Moulding,mmoulding1n,mmoulding1n@typepad.com,Staff Accountant IV,Chippewa,Female
Catherine,Spafford,cspafford1o,cspafford1o@europa.eu,Graphic Designer,White,Female
Cloe,Comino,ccomino1p,ccomino1p@bbb.org,Recruiting Manager,American Indian and Alaska Native (AIAN),Female
Cele,Blackburne,cblackburne1q,cblackburne1q@purevolume.com,Compensation Analyst,Alaskan Athabascan,Female
Adelind,Ohrtmann,aohrtmann1r,aohrtmann1r@squidoo.com,Clinical Specialist,Alaskan Athabascan,Female
Ross,Sitford,rsitford1s,rsitford1s@theguardian.com,Tax Accountant,Puerto Rican,Male
Tynan,Stranieri,tstranieri1t,tstranieri1t@adobe.com,Health Coach II,American Indian and Alaska Native (AIAN),Male
Sinclare,Guillain,sguillain1u,sguillain1u@apache.org,Tax Accountant,Guamanian,Male
Angelia,Jachtym,ajachtym1v,ajachtym1v@baidu.com,Information Systems Manager,Venezuelan,Female
Denny,Paolotto,dpaolotto1w,dpaolotto1w@amazonaws.com,Assistant Media Planner,Guatemalan,Male
Irvin,Dani,idani1x,idani1x@tiny.cc,Senior Developer,Malaysian,Male
Marybelle,Stansby,mstansby1y,mstansby1y@berkeley.edu,Software Test Engineer II,Seminole,Female
Staci,Hoofe,shoofe1z,shoofe1z@dailymotion.com,Speech Pathologist,Paraguayan,Female
Blaine,Foxen,bfoxen20,bfoxen20@naver.com,Help Desk Technician,Creek,Male
Madelon,Blinder,mblinder21,mblinder21@ocn.ne.jp,Statistician I,American Indian,Female
Terri,Tansey,ttansey22,ttansey22@weather.com,Accountant III,Houma,Male
Dulci,Goggins,dgoggins23,dgoggins23@trellian.com,Database Administrator IV,Apache,Female
Gustav,Cockarill,gcockarill24,gcockarill24@paginegialle.it,Nuclear Power Engineer,Black or African American,Male
Brietta,Ouchterlony,bouchterlony25,bouchterlony25@ebay.com,Social Worker,Aleut,Female
Felicity,Alcorn,falcorn26,falcorn26@elegantthemes.com,GIS Technical Architect,Comanche,Female
Emerson,Leipold,eleipold27,eleipold27@etsy.com,Software Engineer IV,Spaniard,Male
Winfield,Coxhell,wcoxhell28,wcoxhell28@yahoo.co.jp,Paralegal,Lumbee,Male
Natalie,Pickthorn,npickthorn29,npickthorn29@mediafire.com,Sales Associate,Shoshone,Female
Obie,Coller,ocoller2a,ocoller2a@wisc.edu,Staff Scientist,Salvadoran,Male
Lock,Deboick,ldeboick2b,ldeboick2b@rambler.ru,VP Product Management,Polynesian,Male
Alastair,Dusey,adusey2c,adusey2c@youtube.com,Marketing Manager,Asian,Male
Jaquith,McCarrick,jmccarrick2d,jmccarrick2d@auda.org.au,Community Outreach Specialist,White,Female
Modestia,Ovid,movid2e,movid2e@oakley.com,Structural Engineer,Argentinian,Female
Rriocard,Hollington,rhollington2f,rhollington2f@ustream.tv,Recruiter,Chilean,Male
Uriah,Quainton,uquainton2g,uquainton2g@aol.com,Staff Scientist,Colville,Male
Sherline,Skryne,sskryne2h,sskryne2h@amazon.co.uk,Speech Pathologist,Asian Indian,Female
Riva,Bewley,rbewley2i,rbewley2i@google.com,Senior Quality Engineer,Menominee,Female
Norina,Kless,nkless2j,nkless2j@icio.us,Health Coach III,Korean,Female
Avrom,Sawfoot,asawfoot2k,asawfoot2k@clickbank.net,Research Associate,Chickasaw,Male
Angie,Kiln,akiln2l,akiln2l@pcworld.com,Chemical Engineer,Sri Lankan,Male
Kimberlee,Bowser,kbowser2m,kbowser2m@tmall.com,Associate Professor,Puerto Rican,Female
Perceval,Naish,pnaish2n,pnaish2n@fastcompany.com,Information Systems Manager,Uruguayan,Male
Mallory,Feldbrin,mfeldbrin2o,mfeldbrin2o@mozilla.org,Librarian,Alaska Native,Female
Arnuad,Easom,aeasom2p,aeasom2p@dot.gov,Human Resources Assistant II,Cheyenne,Male
Freddie,Batisse,fbatisse2q,fbatisse2q@washington.edu,Software Test Engineer IV,Samoan,Female
Regan,Philson,rphilson2r,rphilson2r@springer.com,Administrative Assistant II,Osage,Female
Chevalier,Evelyn,cevelyn2s,cevelyn2s@berkeley.edu,Recruiting Manager,Paiute,Male
Tybalt,Dewes,tdewes2t,tdewes2t@godaddy.com,Software Consultant,Eskimo,Male
Matty,Foye,mfoye2u,mfoye2u@sitemeter.com,Business Systems Development Analyst,Native Hawaiian and Other Pacific Islander (NHPI),Female
Lorianne,Brickwood,lbrickwood2v,lbrickwood2v@reuters.com,Business Systems Development Analyst,Chickasaw,Female
Damaris,Layne,dlayne2w,dlayne2w@cam.ac.uk,Automation Specialist I,Pakistani,Female
Tybi,Hacquard,thacquard2x,thacquard2x@domainmarket.com,Data Coordiator,Japanese,Female
Ethan,Frisdick,efrisdick2y,efrisdick2y@google.com.br,Computer Systems Analyst IV,Pakistani,Male
Lawrence,Scantlebury,lscantlebury2z,lscantlebury2z@studiopress.com,Assistant Media Planner,Houma,Male
Devin,O'Dooghaine,dodooghaine30,dodooghaine30@theatlantic.com,Legal Assistant,Malaysian,Male
Fidole,Earngy,fearngy31,fearngy31@comsenz.com,Account Executive,Delaware,Male
Tabb,Melville,tmelville32,tmelville32@lycos.com,Dental Hygienist,Indonesian,Male
Tully,Cathcart,tcathcart33,tcathcart33@craigslist.org,Paralegal,Asian Indian,Male
Cletis,Panting,cpanting34,cpanting34@example.com,VP Sales,Latin American Indian,Male
Penni,Shadwick,pshadwick35,pshadwick35@over-blog.com,VP Accounting,Salvadoran,Female
Jamima,Gales,jgales36,jgales36@istockphoto.com,Environmental Specialist,Filipino,Female
Bay,Hatchett,bhatchett37,bhatchett37@phoca.cz,Analog Circuit Design manager,Asian,Male
Frasquito,Dybald,fdybald38,fdybald38@pen.io,Junior Executive,Yaqui,Male
Brook,Enderle,benderle39,benderle39@java.com,Media Manager III,Pueblo,Male
Jacobo,Faveryear,jfaveryear3a,jfaveryear3a@discovery.com,Physical Therapy Assistant,Creek,Male
Tonnie,Pacher,tpacher3b,tpacher3b@oakley.com,Electrical Engineer,Honduran,Male
Neel,MacAlester,nmacalester3c,nmacalester3c@go.com,Chief Design Engineer,Creek,Male
Hallie,Dana,hdana3d,hdana3d@chron.com,Sales Representative,Shoshone,Female
Joanie,Mayhew,jmayhew3e,jmayhew3e@aboutads.info,Database Administrator III,Tlingit-Haida,Female
Cobb,Breitler,cbreitler3f,cbreitler3f@ask.com,Automation Specialist II,Chilean,Male
Bryna,Corsar,bcorsar3g,bcorsar3g@google.com.au,Clinical Specialist,Honduran,Female
Kerrill,Aspall,kaspall3h,kaspall3h@ustream.tv,Software Test Engineer I,Peruvian,Female
Karim,Crilly,kcrilly3i,kcrilly3i@skype.com,Chief Design Engineer,Shoshone,Male
Todd,Valencia,tvalencia3j,tvalencia3j@livejournal.com,Office Assistant I,Pakistani,Male
Callie,Malcolmson,cmalcolmson3k,cmalcolmson3k@sourceforge.net,Paralegal,Tlingit-Haida,Female
Lester,Bard,lbard3l,lbard3l@alexa.com,Nurse,Guamanian,Male
Port,Dunton,pdunton3m,pdunton3m@ask.com,Senior Cost Accountant,Paraguayan,Male
Tera,M'Quharge,tmquharge3n,tmquharge3n@uiuc.edu,Staff Scientist,Vietnamese,Female
Jeramie,Chestle,jchestle3o,jchestle3o@cornell.edu,Accounting Assistant I,Peruvian,Male
Kendall,Andreas,kandreas3p,kandreas3p@ca.gov,Statistician II,Seminole,Male
Abbey,Steinson,asteinson3q,asteinson3q@unesco.org,Structural Engineer,Guatemalan,Male
Nicko,Gommery,ngommery3r,ngommery3r@kickstarter.com,Research Associate,Tlingit-Haida,Male
Leonelle,Feldmann,lfeldmann3s,lfeldmann3s@youtube.com,Product Engineer,Pakistani,Female
Norma,Scobbie,nscobbie3t,nscobbie3t@chicagotribune.com,Desktop Support Technician,Guatemalan,Female
Edith,Dur,edur3u,edur3u@tripadvisor.com,Senior Developer,Japanese,Female
Raffaello,Blaxall,rblaxall3v,rblaxall3v@netlog.com,Chemical Engineer,Sri Lankan,Male
Konstantine,Kilby,kkilby3w,kkilby3w@ebay.com,General Manager,Chickasaw,Male
Justina,Cawdron,jcawdron3x,jcawdron3x@techcrunch.com,VP Accounting,Melanesian,Female
Louella,Hendrikse,lhendrikse3y,lhendrikse3y@amazon.co.jp,Quality Control Specialist,American Indian and Alaska Native (AIAN),Female
Juliane,Manilo,jmanilo3z,jmanilo3z@oracle.com,Computer Systems Analyst I,Uruguayan,Female
Gwendolin,Halston,ghalston40,ghalston40@booking.com,Health Coach II,Comanche,Female
Rufe,Bruck,rbruck41,rbruck41@dagondesign.com,Operator,Panamanian,Male
Conway,Nosworthy,cnosworthy42,cnosworthy42@answers.com,Teacher,Bolivian,Male
Pernell,Trousdale,ptrousdale43,ptrousdale43@bigcartel.com,Teacher,Pakistani,Male
Tamra,Benner,tbenner44,tbenner44@tripadvisor.com,Executive Secretary,Indonesian,Female
Colet,Matieu,cmatieu45,cmatieu45@sogou.com,Programmer II,Cherokee,Male
Harlan,De Clairmont,hdeclairmont46,hdeclairmont46@amazon.co.uk,Account Executive,Korean,Male
Saunder,Cotterill,scotterill47,scotterill47@aol.com,Environmental Specialist,Comanche,Male
Kylynn,Sproson,ksproson48,ksproson48@wordpress.org,Accounting Assistant II,Creek,Female
Pavlov,Hawarden,phawarden49,phawarden49@jigsy.com,Nurse Practicioner,Paiute,Male
Baily,Brazier,bbrazier4a,bbrazier4a@cdbaby.com,Assistant Manager,Alaska Native,Male
Delano,Etoile,detoile4b,detoile4b@icio.us,Developer III,Shoshone,Male
Almeria,Bucknall,abucknall4c,abucknall4c@aol.com,Tax Accountant,Tlingit-Haida,Female
Balduin,Dorsett,bdorsett4d,bdorsett4d@sciencedaily.com,Staff Scientist,Ottawa,Male
Shel,Carter,scarter4e,scarter4e@nbcnews.com,Senior Editor,Yuman,Female
Hiram,Dincke,hdincke4f,hdincke4f@dailymotion.com,Clinical Specialist,Guatemalan,Male
Korry,McMeekan,kmcmeekan4g,kmcmeekan4g@wordpress.org,Design Engineer,Menominee,Female
Alasteir,Nathon,anathon4h,anathon4h@surveymonkey.com,Product Engineer,Shoshone,Male
Clem,Bonifas,cbonifas4i,cbonifas4i@dailymail.co.uk,Nurse,Chinese,Male
Jose,Le Provost,jleprovost4j,jleprovost4j@google.co.jp,Accountant IV,Chilean,Male
Rochell,Dewdney,rdewdney4k,rdewdney4k@bing.com,Systems Administrator III,Honduran,Female
Tobias,Haet,thaet4l,thaet4l@usa.gov,Software Engineer III,Eskimo,Male
Kerby,Edmonson,kedmonson4m,kedmonson4m@hexun.com,Compensation Analyst,Mexican,Male
Gussi,Hyam,ghyam4n,ghyam4n@shop-pro.jp,Senior Sales Associate,Dominican (Dominican Republic),Female
Netta,Haldon,nhaldon4o,nhaldon4o@mac.com,Design Engineer,Pakistani,Female
Stanley,Livermore,slivermore4p,slivermore4p@dyndns.org,Software Consultant,Vietnamese,Male
Constantino,Bordone,cbordone4q,cbordone4q@creativecommons.org,Account Coordinator,Lumbee,Male
Morie,Trinder,mtrinder4r,mtrinder4r@google.com.hk,Teacher,Tohono O'Odham,Male
Katalin,Cawston,kcawston4s,kcawston4s@flickr.com,Recruiter,Latin American Indian,Female
Thatch,Tumbridge,ttumbridge4t,ttumbridge4t@blogs.com,Director of Sales,Ottawa,Male
Katerine,Venners,kvenners4u,kvenners4u@uiuc.edu,Senior Cost Accountant,Bolivian,Female
Ashla,Tonks,atonks4v,atonks4v@creativecommons.org,Compensation Analyst,Guamanian,Female
Trudy,Layus,tlayus4w,tlayus4w@zimbio.com,Librarian,Yuman,Female
Peg,Stanlike,pstanlike4x,pstanlike4x@elpais.com,Account Coordinator,Asian,Female
Fan,Urry,furry4y,furry4y@archive.org,Engineer IV,Melanesian,Female
Lyn,Chadbourn,lchadbourn4z,lchadbourn4z@hhs.gov,Media Manager II,Pakistani,Female
Dick,Lanyon,dlanyon50,dlanyon50@amazonaws.com,Paralegal,Colombian,Male
Jermayne,Willgoose,jwillgoose51,jwillgoose51@skype.com,Registered Nurse,Ute,Male
Dedra,Ragbourn,dragbourn52,dragbourn52@scientificamerican.com,Nurse Practicioner,South American,Female
Yasmin,Davidow,ydavidow53,ydavidow53@hubpages.com,Dental Hygienist,Pakistani,Female
Burlie,Pegden,bpegden54,bpegden54@baidu.com,Financial Advisor,Tohono O'Odham,Male
Letitia,O'Devey,lodevey55,lodevey55@vimeo.com,Staff Accountant I,Ottawa,Female
Shandie,Warke,swarke56,swarke56@ftc.gov,Administrative Officer,Choctaw,Female
Roselia,Hechlin,rhechlin57,rhechlin57@dropbox.com,Project Manager,Mexican,Female
Korey,Peche,kpeche58,kpeche58@google.de,Librarian,Polynesian,Male
Vivianne,Rawlingson,vrawlingson59,vrawlingson59@ucoz.com,Tax Accountant,Menominee,Female
Wallache,Simoncello,wsimoncello5a,wsimoncello5a@icq.com,Staff Scientist,Navajo,Male
Orel,Stronge,ostronge5b,ostronge5b@de.vu,Safety Technician III,Japanese,Female
Harald,Matthewman,hmatthewman5c,hmatthewman5c@harvard.edu,VP Marketing,Kiowa,Male
Reena,Sacco,rsacco5d,rsacco5d@51.la,Pharmacist,Thai,Female
Alleen,Dockree,adockree5e,adockree5e@google.com.au,Recruiter,Puget Sound Salish,Female
Moreen,Friar,mfriar5f,mfriar5f@bigcartel.com,Legal Assistant,Fijian,Female
Ward,Galler,wgaller5g,wgaller5g@shinystat.com,Computer Systems Analyst III,South American,Male
Con,Weins,cweins5h,cweins5h@discovery.com,Safety Technician III,Cree,Female
Sayer,Olliver,solliver5i,solliver5i@nydailynews.com,Automation Specialist II,Chamorro,Male
Spense,Jakab,sjakab5j,sjakab5j@umich.edu,VP Accounting,Shoshone,Male
Rab,Sherman,rsherman5k,rsherman5k@netvibes.com,Nurse Practicioner,Panamanian,Male
Leland,Hrus,lhrus5l,lhrus5l@wp.com,Software Consultant,Potawatomi,Female
Kirby,O'Neal,koneal5m,koneal5m@youtu.be,Clinical Specialist,Taiwanese,Female
Whitman,Loche,wloche5n,wloche5n@bigcartel.com,Staff Scientist,Polynesian,Male
Hugh,Boffey,hboffey5o,hboffey5o@wikimedia.org,Environmental Specialist,Choctaw,Male
Mathias,Carlsson,mcarlsson5p,mcarlsson5p@amazonaws.com,VP Product Management,Korean,Male
Inness,Lyford,ilyford5q,ilyford5q@phpbb.com,Mechanical Systems Engineer,Houma,Male
Marney,Tettley,mtettley5r,mtettley5r@ehow.com,Budget/Accounting Analyst II,Bangladeshi,Female
Tam,Boolsen,tboolsen5s,tboolsen5s@pcworld.com,Computer Systems Analyst III,Navajo,Male
Gwenny,Dunkinson,gdunkinson5t,gdunkinson5t@wp.com,Help Desk Operator,Alaskan Athabascan,Female
Smith,Ligoe,sligoe5u,sligoe5u@ow.ly,Recruiting Manager,Argentinian,Male
Garner,Bakeup,gbakeup5v,gbakeup5v@howstuffworks.com,Software Test Engineer IV,Laotian,Male
Gilles,Casella,gcasella5w,gcasella5w@blinklist.com,Teacher,Alaskan Athabascan,Male
Katleen,Gildersleeve,kgildersleeve5x,kgildersleeve5x@ihg.com,Assistant Professor,Osage,Female
Kort,Rosenschein,krosenschein5y,krosenschein5y@nydailynews.com,Registered Nurse,Yaqui,Male
Tore,Woodrough,twoodrough5z,twoodrough5z@google.com.au,Business Systems Development Analyst,White,Male
Bryce,MacCartair,bmaccartair60,bmaccartair60@storify.com,Assistant Professor,Houma,Male
Jefferson,Grigs,jgrigs61,jgrigs61@unblog.fr,Senior Quality Engineer,Choctaw,Male
Magda,Lealle,mlealle62,mlealle62@g.co,Paralegal,Thai,Female
Melisent,Raiment,mraiment63,mraiment63@yellowbook.com,General Manager,Puerto Rican,Female
Shell,Inglese,singlese64,singlese64@soundcloud.com,Sales Associate,Creek,Male
Missie,Easum,measum65,measum65@techcrunch.com,Junior Executive,Tlingit-Haida,Female
Jay,Clemendet,jclemendet66,jclemendet66@omniture.com,Statistician II,Creek,Male
Bambi,Hamm,bhamm67,bhamm67@moonfruit.com,Budget/Accounting Analyst III,Native Hawaiian and Other Pacific Islander (NHPI),Female
Codi,Samett,csamett68,csamett68@w3.org,Information Systems Manager,Central American,Male
Agnes,MacGaughy,amacgaughy69,amacgaughy69@businessweek.com,Assistant Professor,Cheyenne,Female
Verine,Bearne,vbearne6a,vbearne6a@plala.or.jp,Financial Advisor,Sioux,Female
Lishe,Redmille,lredmille6b,lredmille6b@fda.gov,Financial Analyst,Bangladeshi,Female
Rosabella,Wakeman,rwakeman6c,rwakeman6c@apache.org,Accounting Assistant II,Yaqui,Female
Dante,Fowle,dfowle6d,dfowle6d@indiatimes.com,Recruiter,Cheyenne,Male
Mercedes,Harlowe,mharlowe6e,mharlowe6e@naver.com,Clinical Specialist,Colombian,Female
Neron,Rasper,nrasper6f,nrasper6f@wsj.com,Recruiter,Navajo,Male
Manya,Sharville,msharville6g,msharville6g@goo.ne.jp,Human Resources Assistant I,Pima,Female
Olympie,Dytham,odytham6h,odytham6h@lulu.com,Marketing Assistant,Salvadoran,Female
Donovan,Chadwick,dchadwick6i,dchadwick6i@narod.ru,Recruiting Manager,Guamanian,Male
Lorianna,Yashanov,lyashanov6j,lyashanov6j@cnbc.com,Quality Control Specialist,Colville,Female
Evonne,Willmott,ewillmott6k,ewillmott6k@phpbb.com,Quality Engineer,Korean,Female
Orin,Manwell,omanwell6l,omanwell6l@tuttocitta.it,Assistant Media Planner,Potawatomi,Male
Cyril,Prior,cprior6m,cprior6m@delicious.com,Actuary,Pakistani,Male
Kellina,Attenbrough,kattenbrough6n,kattenbrough6n@google.ca,Product Engineer,Yuman,Female
Abeu,Husbands,ahusbands6o,ahusbands6o@intel.com,Statistician II,Delaware,Male
Haroun,Woolsey,hwoolsey6p,hwoolsey6p@histats.com,Help Desk Operator,Osage,Male
Rurik,Tuckwell,rtuckwell6q,rtuckwell6q@nature.com,Senior Developer,Aleut,Male
Winfred,Eayrs,weayrs6r,weayrs6r@virginia.edu,Information Systems Manager,American Indian and Alaska Native (AIAN),Male
Putnem,Keynd,pkeynd6s,pkeynd6s@ehow.com,Senior Quality Engineer,Puerto Rican,Male
Berk,Spencelayh,bspencelayh6t,bspencelayh6t@usnews.com,Statistician IV,Black or African American,Male
Adena,De Goey,adegoey6u,adegoey6u@mapy.cz,Administrative Officer,Asian Indian,Female
Drucill,McCallam,dmccallam6v,dmccallam6v@netscape.com,Account Executive,Malaysian,Female
Christie,Van Haeften,cvanhaeften6w,cvanhaeften6w@usnews.com,Engineer II,Yuman,Female
Les,Giraudy,lgiraudy6x,lgiraudy6x@tinyurl.com,Staff Scientist,Shoshone,Male
Marchall,Gavahan,mgavahan6y,mgavahan6y@scribd.com,Assistant Professor,Delaware,Male
Thorpe,Sulter,tsulter6z,tsulter6z@skyrock.com,General Manager,Venezuelan,Male
Buddy,Siemianowicz,bsiemianowicz70,bsiemianowicz70@quantcast.com,Media Manager III,Indonesian,Male
Hubie,Caisley,hcaisley71,hcaisley71@bigcartel.com,Senior Cost Accountant,Honduran,Male
Ivar,Breston,ibreston72,ibreston72@cmu.edu,VP Quality Control,American Indian,Male
Lionello,O'Hengerty,lohengerty73,lohengerty73@ovh.net,Senior Financial Analyst,Sioux,Male
Port,Ambrogi,pambrogi74,pambrogi74@soup.io,Marketing Assistant,Chippewa,Male
Lyndel,Rocks,lrocks75,lrocks75@diigo.com,Chief Design Engineer,Mexican,Female
Godard,Ruxton,gruxton76,gruxton76@sbwire.com,Account Representative I,Panamanian,Male
Logan,MacGregor,lmacgregor77,lmacgregor77@unblog.fr,Occupational Therapist,Malaysian,Male
Obed,Wadly,owadly78,owadly78@google.com.br,Financial Advisor,Eskimo,Male
Kennan,Caseborne,kcaseborne79,kcaseborne79@comsenz.com,Desktop Support Technician,Blackfeet,Male
Marketa,Duligall,mduligall7a,mduligall7a@tuttocitta.it,Dental Hygienist,Peruvian,Female
Eldin,Theis,etheis7b,etheis7b@eventbrite.com,Programmer Analyst II,Asian Indian,Male
Heidi,Bradder,hbradder7c,hbradder7c@tripod.com,Associate Professor,Eskimo,Female
Shaun,Glawsop,sglawsop7d,sglawsop7d@creativecommons.org,Editor,Cree,Female
Valeria,Northfield,vnorthfield7e,vnorthfield7e@howstuffworks.com,Electrical Engineer,Colombian,Female
Cchaddie,Quayle,cquayle7f,cquayle7f@tiny.cc,Staff Scientist,Cherokee,Male
Kelli,Sheaf,ksheaf7g,ksheaf7g@latimes.com,Senior Quality Engineer,Argentinian,Female
Elinore,Dainty,edainty7h,edainty7h@ebay.com,Safety Technician II,Tohono O'Odham,Female
Trefor,Ovill,tovill7i,tovill7i@lulu.com,Web Developer I,Navajo,Male
Gert,Bedow,gbedow7j,gbedow7j@woothemes.com,Developer IV,Puerto Rican,Female
Cyndi,Puddifer,cpuddifer7k,cpuddifer7k@forbes.com,Safety Technician III,Dominican (Dominican Republic),Female
Delia,Mackerness,dmackerness7l,dmackerness7l@google.fr,Paralegal,Yaqui,Female
Corrine,Murrock,cmurrock7m,cmurrock7m@fema.gov,Financial Advisor,American Indian,Female
Leonardo,Edinboro,ledinboro7n,ledinboro7n@dell.com,Nurse,Kiowa,Male
Silvie,Conichie,sconichie7o,sconichie7o@parallels.com,Registered Nurse,Spaniard,Female
Dynah,Rigmand,drigmand7p,drigmand7p@networksolutions.com,Senior Financial Analyst,Panamanian,Female
Ramsey,Clymo,rclymo7q,rclymo7q@wired.com,Human Resources Assistant II,Black or African American,Male
Keefer,Sleite,ksleite7r,ksleite7r@tripadvisor.com,Geological Engineer,Malaysian,Male
Waldon,Neilson,wneilson7s,wneilson7s@booking.com,Software Test Engineer IV,Menominee,Male
Abramo,Biaggiotti,abiaggiotti7t,abiaggiotti7t@desdev.cn,Executive Secretary,Menominee,Male
Jaquith,Benning,jbenning7u,jbenning7u@baidu.com,Software Consultant,Kiowa,Female
Dorelle,Astbury,dastbury7v,dastbury7v@smugmug.com,Tax Accountant,Filipino,Female
Perice,Bretelle,pbretelle7w,pbretelle7w@aboutads.info,Mechanical Systems Engineer,Bangladeshi,Male
Nonah,Ruvel,nruvel7x,nruvel7x@themeforest.net,Help Desk Operator,Central American,Female
Violette,Shiliton,vshiliton7y,vshiliton7y@altervista.org,Assistant Professor,Cuban,Female
Gradeigh,Giacopazzi,ggiacopazzi7z,ggiacopazzi7z@scribd.com,Marketing Manager,Central American,Male
Pancho,Twitchings,ptwitchings80,ptwitchings80@buzzfeed.com,GIS Technical Architect,Aleut,Male
Micah,Bravington,mbravington81,mbravington81@whitehouse.gov,Desktop Support Technician,American Indian and Alaska Native (AIAN),Male
Clair,Hardinge,chardinge82,chardinge82@cornell.edu,Research Assistant III,Chinese,Male
Renate,Kollas,rkollas83,rkollas83@unc.edu,Assistant Media Planner,Paiute,Female
Taryn,Von Gladbach,tvongladbach84,tvongladbach84@github.com,Information Systems Manager,Bangladeshi,Female
Humphrey,Cail,hcail85,hcail85@ask.com,Marketing Assistant,Micronesian,Male
Dunstan,Pontefract,dpontefract86,dpontefract86@arstechnica.com,Health Coach III,Uruguayan,Male
Parry,Yablsley,pyablsley87,pyablsley87@auda.org.au,Biostatistician II,Kiowa,Male
Renard,Paradyce,rparadyce88,rparadyce88@vkontakte.ru,Research Assistant IV,South American,Male
Salem,McAvinchey,smcavinchey89,smcavinchey89@trellian.com,Recruiting Manager,Polynesian,Male
Lexi,Biesterfeld,lbiesterfeld8a,lbiesterfeld8a@auda.org.au,Nurse Practicioner,Native Hawaiian,Female
Kelwin,Wabe,kwabe8b,kwabe8b@mapquest.com,Senior Quality Engineer,Laotian,Male
Beaufort,Mariaud,bmariaud8c,bmariaud8c@hugedomains.com,Business Systems Development Analyst,Tlingit-Haida,Male
Benjy,Beevis,bbeevis8d,bbeevis8d@infoseek.co.jp,Help Desk Technician,Shoshone,Male
Shane,Stow,sstow8e,sstow8e@google.co.uk,Project Manager,Black or African American,Male
Erin,Pettinger,epettinger8f,epettinger8f@sciencedirect.com,Programmer Analyst I,Japanese,Male
Julissa,Shew,jshew8g,jshew8g@hud.gov,VP Marketing,Filipino,Female
Tarrance,Lilleman,tlilleman8h,tlilleman8h@mail.ru,Data Coordiator,Tongan,Male
Colan,Corkett,ccorkett8i,ccorkett8i@constantcontact.com,Human Resources Manager,Central American,Male
Estel,Scantlebury,escantlebury8j,escantlebury8j@infoseek.co.jp,Biostatistician IV,Apache,Female
Wildon,Splevings,wsplevings8k,wsplevings8k@yelp.com,Accountant II,Puerto Rican,Male
Morse,Ferres,mferres8l,mferres8l@networkadvertising.org,Editor,Yuman,Male
Harcourt,Neave,hneave8m,hneave8m@cpanel.net,Occupational Therapist,Pueblo,Male
Horatio,Banasiak,hbanasiak8n,hbanasiak8n@scientificamerican.com,Sales Associate,Ute,Male
Katrine,Chardin,kchardin8o,kchardin8o@soup.io,Research Nurse,Salvadoran,Female
Allayne,Napoli,anapoli8p,anapoli8p@twitpic.com,Marketing Assistant,Aleut,Male
Selma,Ambrosoli,sambrosoli8q,sambrosoli8q@howstuffworks.com,Financial Advisor,Seminole,Female
Aridatha,Dyball,adyball8r,adyball8r@webeden.co.uk,Mechanical Systems Engineer,American Indian,Female
Brennen,Bywater,bbywater8s,bbywater8s@smh.com.au,Marketing Assistant,Malaysian,Male
Marney,Butfield,mbutfield8t,mbutfield8t@mediafire.com,Senior Developer,Costa Rican,Female
Courtney,Levecque,clevecque8u,clevecque8u@nsw.gov.au,Clinical Specialist,Eskimo,Female
Noam,Sempill,nsempill8v,nsempill8v@nsw.gov.au,Nurse Practicioner,Chilean,Male
Erwin,Chasmor,echasmor8w,echasmor8w@indiatimes.com,Account Executive,Yaqui,Male
Ki,Sheere,ksheere8x,ksheere8x@storify.com,Programmer II,Micronesian,Female
Gaylor,Phelps,gphelps8y,gphelps8y@ft.com,Database Administrator III,Kiowa,Male
Skip,Secret,ssecret8z,ssecret8z@g.co,Web Designer IV,Houma,Male
Vicky,Kimmel,vkimmel90,vkimmel90@google.com.au,Information Systems Manager,American Indian,Female
Joly,Plank,jplank91,jplank91@umich.edu,Community Outreach Specialist,Puget Sound Salish,Female
Imelda,Yarn,iyarn92,iyarn92@uol.com.br,Senior Sales Associate,Cuban,Female
Harriott,Grimshaw,hgrimshaw93,hgrimshaw93@google.pl,Biostatistician II,Mexican,Female
Kass,Songest,ksongest94,ksongest94@wp.com,Operator,Filipino,Female
Noak,Hucks,nhucks95,nhucks95@hatena.ne.jp,Database Administrator I,Chamorro,Male
Charline,Denisard,cdenisard96,cdenisard96@liveinternet.ru,Budget/Accounting Analyst I,Hmong,Female
Lanita,Brickstock,lbrickstock97,lbrickstock97@webmd.com,Accounting Assistant I,Bangladeshi,Female
Hayyim,Mouatt,hmouatt98,hmouatt98@ask.com,Staff Scientist,Bolivian,Male
Arri,O'Hollegan,aohollegan99,aohollegan99@bandcamp.com,Chemical Engineer,Hmong,Male
Tabatha,Cruft,tcruft9a,tcruft9a@github.com,Librarian,Latin American Indian,Female
Wilbur,Westman,wwestman9b,wwestman9b@imageshack.us,Environmental Tech,Menominee,Male
Francisco,Coady,fcoady9c,fcoady9c@timesonline.co.uk,Software Engineer II,Bolivian,Male
Lee,Alexsandrowicz,lalexsandrowicz9d,lalexsandrowicz9d@wix.com,Database Administrator II,Chippewa,Male
Conrade,Grishanov,cgrishanov9e,cgrishanov9e@e-recht24.de,Quality Engineer,Malaysian,Male
Hollie,Murcott,hmurcott9f,hmurcott9f@ehow.com,Automation Specialist II,Crow,Female
Theodoric,D'Hooge,tdhooge9g,tdhooge9g@youku.com,Dental Hygienist,Apache,Male
Wiatt,McKissack,wmckissack9h,wmckissack9h@noaa.gov,Software Consultant,Sioux,Male
Breanne,Clelle,bclelle9i,bclelle9i@devhub.com,Design Engineer,Alaskan Athabascan,Female
Roslyn,Bigglestone,rbigglestone9j,rbigglestone9j@techcrunch.com,Account Representative III,White,Female
Rinaldo,Stollard,rstollard9k,rstollard9k@patch.com,Assistant Manager,Yakama,Male
Dewitt,Asif,dasif9l,dasif9l@discuz.net,Web Designer IV,South American,Male
Caldwell,Berardt,cberardt9m,cberardt9m@symantec.com,Accountant III,Spaniard,Male
Tedie,Archley,tarchley9n,tarchley9n@facebook.com,Occupational Therapist,Paraguayan,Male
Hort,Mergue,hmergue9o,hmergue9o@bing.com,VP Product Management,Tohono O'Odham,Male
Audra,Louiset,alouiset9p,alouiset9p@themeforest.net,Data Coordiator,Micronesian,Female
Arnie,Brusle,abrusle9q,abrusle9q@japanpost.jp,VP Quality Control,Uruguayan,Male
Lethia,Blampey,lblampey9r,lblampey9r@about.com,Director of Sales,Alaska Native,Female
Sonia,Gossage,sgossage9s,sgossage9s@bizjournals.com,Programmer Analyst III,Samoan,Female
Lamont,Rontree,lrontree9t,lrontree9t@slideshare.net,Teacher,Pueblo,Male
Carleen,Genge,cgenge9u,cgenge9u@nsw.gov.au,Technical Writer,Houma,Female
Cedric,Broster,cbroster9v,cbroster9v@businessinsider.com,Nurse Practicioner,Micronesian,Male
Wyndham,Edmunds,wedmunds9w,wedmunds9w@google.co.uk,Administrative Assistant II,Fijian,Male
Cornela,Meakes,cmeakes9x,cmeakes9x@devhub.com,Dental Hygienist,Taiwanese,Female
Marta,Kollatsch,mkollatsch9y,mkollatsch9y@pbs.org,Quality Engineer,Cherokee,Female
Alfy,Waddicor,awaddicor9z,awaddicor9z@parallels.com,Geological Engineer,Cambodian,Female
Drud,Bradford,dbradforda0,dbradforda0@scribd.com,Accounting Assistant III,Nicaraguan,Male
Beth,Trays,btraysa1,btraysa1@mit.edu,Programmer III,Chamorro,Female
Gram,Pitman,gpitmana2,gpitmana2@hc360.com,Professor,Black or African American,Male
Nataniel,Becket,nbecketa3,nbecketa3@dailymail.co.uk,Systems Administrator III,Asian,Male
Maureen,Vasyatkin,mvasyatkina4,mvasyatkina4@sciencedirect.com,Chemical Engineer,Thai,Female
Janice,Lumm,jlumma5,jlumma5@pinterest.com,Recruiting Manager,Osage,Female
Leeann,Heeney,lheeneya6,lheeneya6@harvard.edu,Engineer III,Peruvian,Female
Gusty,Tewkesbury,gtewkesburya7,gtewkesburya7@dyndns.org,Junior Executive,Creek,Female
Griffy,Crummey,gcrummeya8,gcrummeya8@blinklist.com,Senior Editor,Navajo,Male
Marshal,Champkins,mchampkinsa9,mchampkinsa9@google.com.hk,Editor,Cuban,Male
Nada,De Nisco,ndeniscoaa,ndeniscoaa@alexa.com,Assistant Professor,Chippewa,Female
Ermanno,Verchambre,everchambreab,everchambreab@tinypic.com,Software Test Engineer IV,Malaysian,Male
Mavis,Clingan,mclinganac,mclinganac@constantcontact.com,VP Marketing,Navajo,Female
Carrissa,Tremayle,ctremaylead,ctremaylead@vistaprint.com,Information Systems Manager,Blackfeet,Female
Sheree,Tarquini,starquiniae,starquiniae@bloomberg.com,Office Assistant IV,Blackfeet,Female
Nataline,Greste,ngresteaf,ngresteaf@google.com,Senior Financial Analyst,Houma,Female
Corty,Overlow,coverlowag,coverlowag@comsenz.com,VP Quality Control,Creek,Male
Vite,Karpeev,vkarpeevah,vkarpeevah@soundcloud.com,Compensation Analyst,South American,Male
Antone,Kelberer,akelbererai,akelbererai@jugem.jp,Food Chemist,Polynesian,Male
Montgomery,McCarron,mmccarronaj,mmccarronaj@shareasale.com,Community Outreach Specialist,Polynesian,Male
Marilin,Forshaw,mforshawak,mforshawak@indiegogo.com,Chief Design Engineer,Seminole,Female
Lynnet,Radki,lradkial,lradkial@qq.com,Web Developer IV,Creek,Female
Deirdre,Domino,ddominoam,ddominoam@yahoo.co.jp,Web Designer II,Chinese,Female
Nananne,Behrend,nbehrendan,nbehrendan@dropbox.com,Database Administrator III,Seminole,Female
Olwen,Riche,oricheao,oricheao@google.com.hk,Compensation Analyst,Yaqui,Female
Jarrett,Normanton,jnormantonap,jnormantonap@icq.com,Cost Accountant,Argentinian,Male
Bernie,Ucchino,bucchinoaq,bucchinoaq@paginegialle.it,Automation Specialist IV,Taiwanese,Female
Onfroi,Holligan,oholliganar,oholliganar@statcounter.com,Office Assistant IV,South American,Male
Rozele,Fundell,rfundellas,rfundellas@ibm.com,Social Worker,Eskimo,Female
Mathew,Volke,mvolkeat,mvolkeat@wikia.com,VP Accounting,American Indian and Alaska Native (AIAN),Male
Geoffry,Allbrook,gallbrookau,gallbrookau@nationalgeographic.com,Research Assistant II,Dominican (Dominican Republic),Male
Cooper,Bourhill,cbourhillav,cbourhillav@discuz.net,Media Manager II,Sioux,Male
Patton,Stobo,pstoboaw,pstoboaw@de.vu,Staff Accountant III,Paiute,Male
Shayne,Handling,shandlingax,shandlingax@zimbio.com,General Manager,Alaska Native,Female
Vasili,Gurr,vgurray,vgurray@google.ca,Recruiting Manager,Mexican,Male
Janeva,Jakoubec,jjakoubecaz,jjakoubecaz@ed.gov,Executive Secretary,Fijian,Female
Ax,Mooney,amooneyb0,amooneyb0@goo.gl,Recruiter,Eskimo,Male
Patton,Beckinsale,pbeckinsaleb1,pbeckinsaleb1@blogspot.com,Internal Auditor,Nicaraguan,Male
Leslie,Cutridge,lcutridgeb2,lcutridgeb2@fotki.com,VP Quality Control,Lumbee,Male
Stewart,Filyakov,sfilyakovb3,sfilyakovb3@edublogs.org,Registered Nurse,American Indian,Male
Sheela,Simkovich,ssimkovichb4,ssimkovichb4@cyberchimps.com,Junior Executive,Native Hawaiian,Female
Haskel,Gwyllt,hgwylltb5,hgwylltb5@loc.gov,Senior Sales Associate,Sioux,Male
Deborah,Waylett,dwaylettb6,dwaylettb6@ycombinator.com,Sales Associate,Lumbee,Female
Harriot,Rantoull,hrantoullb7,hrantoullb7@squarespace.com,Tax Accountant,Apache,Female
Hillel,Crawcour,hcrawcourb8,hcrawcourb8@posterous.com,Structural Engineer,Dominican (Dominican Republic),Male
Dorella,Menichelli,dmenichellib9,dmenichellib9@ucoz.com,Research Associate,Tohono O'Odham,Female
Karlan,Matokhnin,kmatokhninba,kmatokhninba@yolasite.com,Developer I,American Indian,Male
Marcy,Markie,mmarkiebb,mmarkiebb@accuweather.com,Health Coach II,Cree,Female
Orv,Stainsby,ostainsbybc,ostainsbybc@mysql.com,Director of Sales,Asian,Male
Daryl,Fairfoot,dfairfootbd,dfairfootbd@geocities.com,Research Assistant II,Cuban,Male
Bentlee,Lampl,blamplbe,blamplbe@diigo.com,Financial Analyst,Black or African American,Male
Ardath,Cumberlidge,acumberlidgebf,acumberlidgebf@wikimedia.org,Sales Representative,Chickasaw,Female
Flem,Scurman,fscurmanbg,fscurmanbg@youku.com,VP Marketing,Bangladeshi,Male
Mycah,Cressey,mcresseybh,mcresseybh@spiegel.de,Electrical Engineer,Delaware,Male
Alyda,Kilalea,akilaleabi,akilaleabi@networkadvertising.org,Clinical Specialist,Paiute,Female
Vernon,Millhouse,vmillhousebj,vmillhousebj@free.fr,Administrative Assistant IV,Panamanian,Male
Dorian,Kingham,dkinghambk,dkinghambk@nhs.uk,Internal Auditor,Yaqui,Male
Sterling,Monaghan,smonaghanbl,smonaghanbl@indiatimes.com,Recruiter,Costa Rican,Male
Aurel,Sixsmith,asixsmithbm,asixsmithbm@oaic.gov.au,Assistant Professor,Laotian,Female
Gerri,Le - Count,glecountbn,glecountbn@zdnet.com,Community Outreach Specialist,Chippewa,Male
Robinett,Munehay,rmunehaybo,rmunehaybo@blinklist.com,Operator,Cambodian,Female
Edythe,Gillion,egillionbp,egillionbp@archive.org,Developer III,Laotian,Female
Clari,Dady,cdadybq,cdadybq@linkedin.com,VP Marketing,Pueblo,Female
Derron,Hryniewicki,dhryniewickibr,dhryniewickibr@springer.com,Electrical Engineer,Choctaw,Male
Randene,Hatfull,rhatfullbs,rhatfullbs@sourceforge.net,Account Representative II,Spaniard,Female
Sigismund,Quarrie,squarriebt,squarriebt@ted.com,Database Administrator III,Comanche,Male
Wallache,Lyford,wlyfordbu,wlyfordbu@lycos.com,Actuary,Cheyenne,Male
Kip,Saltsberger,ksaltsbergerbv,ksaltsbergerbv@baidu.com,VP Product Management,Melanesian,Male
Griswold,Westhoff,gwesthoffbw,gwesthoffbw@cornell.edu,Database Administrator I,Comanche,Male
Cassy,Duxbury,cduxburybx,cduxburybx@toplist.cz,Programmer III,Pakistani,Female
Gigi,Chavez,gchavezby,gchavezby@boston.com,Librarian,Melanesian,Female
Elicia,Wressell,ewressellbz,ewressellbz@networksolutions.com,Occupational Therapist,Apache,Female
Nanice,Beardow,nbeardowc0,nbeardowc0@jugem.jp,Web Developer III,Chippewa,Female
Germain,Owenson,gowensonc1,gowensonc1@china.com.cn,Executive Secretary,Lumbee,Male
Datha,McKissack,dmckissackc2,dmckissackc2@java.com,Structural Analysis Engineer,Black or African American,Female
Tracy,Benneton,tbennetonc3,tbennetonc3@gravatar.com,Environmental Specialist,Laotian,Male
Rheta,Collingwood,rcollingwoodc4,rcollingwoodc4@illinois.edu,Compensation Analyst,Apache,Female
Almire,Bilsland,abilslandc5,abilslandc5@addthis.com,Research Associate,South American,Female
Gerald,Gear,ggearc6,ggearc6@etsy.com,Food Chemist,Native Hawaiian and Other Pacific Islander (NHPI),Male
Rolf,Williment,rwillimentc7,rwillimentc7@psu.edu,VP Sales,Houma,Male
Ladonna,Teenan,lteenanc8,lteenanc8@simplemachines.org,Pharmacist,Cheyenne,Female
Benedetto,Gurner,bgurnerc9,bgurnerc9@weather.com,Quality Engineer,American Indian and Alaska Native (AIAN),Male
Leela,Lamerton,llamertonca,llamertonca@moonfruit.com,Information Systems Manager,Vietnamese,Female
Julienne,Bloy,jbloycb,jbloycb@bing.com,Web Developer IV,Uruguayan,Female
Elsie,Harhoff,eharhoffcc,eharhoffcc@nsw.gov.au,Associate Professor,Korean,Female
Shauna,Salters,ssalterscd,ssalterscd@oaic.gov.au,Registered Nurse,Asian Indian,Female
Thorpe,Stockin,tstockince,tstockince@tumblr.com,Recruiter,Navajo,Male
Easter,Novkovic,enovkoviccf,enovkoviccf@squarespace.com,General Manager,Bangladeshi,Female
Emalee,Schwanden,eschwandencg,eschwandencg@marriott.com,Web Designer III,Vietnamese,Female
Cari,Onion,conionch,conionch@nyu.edu,Database Administrator I,Lumbee,Female
Wallis,Heinel,wheinelci,wheinelci@mtv.com,Actuary,Aleut,Female
Pru,Bettley,pbettleycj,pbettleycj@forbes.com,Physical Therapy Assistant,Cambodian,Female
Link,Humby,lhumbyck,lhumbyck@tiny.cc,Actuary,Yuman,Male
Welch,Pollastro,wpollastrocl,wpollastrocl@xing.com,VP Quality Control,Lumbee,Male
Dolly,Madle,dmadlecm,dmadlecm@4shared.com,Automation Specialist III,Asian Indian,Female
Griselda,Marlor,gmarlorcn,gmarlorcn@disqus.com,Marketing Manager,South American,Female
Riobard,Arents,rarentsco,rarentsco@ycombinator.com,Senior Cost Accountant,Aleut,Male
Nicolina,Sturman,nsturmancp,nsturmancp@mediafire.com,Product Engineer,Seminole,Female
Mari,Van den Hof,mvandenhofcq,mvandenhofcq@ucla.edu,Nuclear Power Engineer,Filipino,Female
Hillier,Hungerford,hhungerfordcr,hhungerfordcr@domainmarket.com,Senior Financial Analyst,Colville,Male
Currey,Pamment,cpammentcs,cpammentcs@moonfruit.com,Nuclear Power Engineer,Venezuelan,Male
Sibel,Lauret,slauretct,slauretct@bbc.co.uk,Assistant Media Planner,Mexican,Female
Elwin,Cockshot,ecockshotcu,ecockshotcu@army.mil,Safety Technician IV,Central American,Male
Ettore,Kollaschek,ekollaschekcv,ekollaschekcv@go.com,Environmental Specialist,Yuman,Male
Jerrilyn,Andrioletti,jandrioletticw,jandrioletticw@slashdot.org,Operator,Thai,Female
Georgetta,Troctor,gtroctorcx,gtroctorcx@hp.com,Statistician III,Ottawa,Female
Vasili,Coysh,vcoyshcy,vcoyshcy@nba.com,Marketing Assistant,Cuban,Male
Monika,Eringey,meringeycz,meringeycz@hao123.com,Geological Engineer,Sioux,Female
Edmund,Beentjes,ebeentjesd0,ebeentjesd0@springer.com,Legal Assistant,Thai,Male
Petronille,Yakushkin,pyakushkind1,pyakushkind1@mapy.cz,Programmer I,Navajo,Female
Willis,Stobart,wstobartd2,wstobartd2@cam.ac.uk,Senior Cost Accountant,Costa Rican,Male
Marylinda,Imore,mimored3,mimored3@cyberchimps.com,Project Manager,Filipino,Female
Jennifer,Hazelgreave,jhazelgreaved4,jhazelgreaved4@cisco.com,Payment Adjustment Coordinator,Melanesian,Female
Kaila,Morfield,kmorfieldd5,kmorfieldd5@theglobeandmail.com,Food Chemist,Cuban,Female
Bernita,Keling,bkelingd6,bkelingd6@shareasale.com,Account Representative IV,Alaskan Athabascan,Female
Sadye,Hawson,shawsond7,shawsond7@bbb.org,Accountant IV,Blackfeet,Female
Margalit,Van Saltsberg,mvansaltsbergd8,mvansaltsbergd8@si.edu,Programmer II,Iroquois,Female
Andrea,Rowesby,arowesbyd9,arowesbyd9@yahoo.com,Technical Writer,Lumbee,Female
Fairlie,Faireclough,ffairecloughda,ffairecloughda@ucoz.ru,Health Coach II,Spaniard,Male
Maribelle,Aked,makeddb,makeddb@cafepress.com,Research Associate,Ecuadorian,Female
Jade,Dewing,jdewingdc,jdewingdc@china.com.cn,Chief Design Engineer,Cuban,Female
Georg,Strasse,gstrassedd,gstrassedd@fc2.com,Payment Adjustment Coordinator,Iroquois,Male
Reynolds,Goldsmith,rgoldsmithde,rgoldsmithde@shutterfly.com,General Manager,Paiute,Male
Randolph,Gillicuddy,rgillicuddydf,rgillicuddydf@smugmug.com,Geological Engineer,Sri Lankan,Male
Brew,Vasyunkin,bvasyunkindg,bvasyunkindg@cafepress.com,Chemical Engineer,Blackfeet,Male
Henryetta,Leversha,hlevershadh,hlevershadh@princeton.edu,Safety Technician III,Tlingit-Haida,Female
Cherrita,Shippam,cshippamdi,cshippamdi@phoca.cz,Staff Scientist,Japanese,Female
Chane,Handling,chandlingdj,chandlingdj@usgs.gov,Help Desk Technician,Salvadoran,Male
Johnnie,Hay,jhaydk,jhaydk@wufoo.com,Accountant III,Japanese,Male
Culver,Harty,chartydl,chartydl@cyberchimps.com,Systems Administrator IV,Pueblo,Male
Taber,Dunnion,tdunniondm,tdunniondm@xrea.com,Budget/Accounting Analyst II,Yakama,Male
Gaspard,Eric,gericdn,gericdn@vimeo.com,Occupational Therapist,Iroquois,Male
Rochette,Birks,rbirksdo,rbirksdo@booking.com,Payment Adjustment Coordinator,Houma,Female
Sheppard,Furmage,sfurmagedp,sfurmagedp@amazon.co.jp,Nurse,Navajo,Male
Quintin,Tranmer,qtranmerdq,qtranmerdq@issuu.com,Administrative Officer,Ecuadorian,Male
Sosanna,Skipperbottom,sskipperbottomdr,sskipperbottomdr@etsy.com,VP Marketing,Costa Rican,Female
Belvia,Vasechkin,bvasechkinds,bvasechkinds@imdb.com,Web Designer I,Nicaraguan,Female
Loree,Siburn,lsiburndt,lsiburndt@wired.com,Desktop Support Technician,Vietnamese,Female
Odessa,Nicholas,onicholasdu,onicholasdu@redcross.org,Marketing Manager,Cuban,Female
Cassondra,Shoobridge,cshoobridgedv,cshoobridgedv@drupal.org,Librarian,Filipino,Female
Claybourne,Conkay,cconkaydw,cconkaydw@simplemachines.org,Media Manager III,Cuban,Male
Emmery,Olohan,eolohandx,eolohandx@examiner.com,Geologist III,Black or African American,Male
Erma,Bush,ebushdy,ebushdy@twitter.com,Software Consultant,Lumbee,Female
Kendall,Garrard,kgarrarddz,kgarrarddz@lycos.com,Health Coach I,Latin American Indian,Male
Phebe,Attwool,pattwoole0,pattwoole0@pinterest.com,Web Designer III,Sioux,Female
Kirbee,Kondratyuk,kkondratyuke1,kkondratyuke1@flavors.me,Compensation Analyst,Asian Indian,Female
Jamie,Bohills,jbohillse2,jbohillse2@domainmarket.com,Safety Technician III,Dominican (Dominican Republic),Male
Dell,McMichan,dmcmichane3,dmcmichane3@princeton.edu,Senior Quality Engineer,Crow,Male
Levi,Bampfield,lbampfielde4,lbampfielde4@mapy.cz,Automation Specialist II,Chilean,Male
Arther,Blanchette,ablanchettee5,ablanchettee5@timesonline.co.uk,Systems Administrator III,Iroquois,Male
Nancey,Di Biasio,ndibiasioe6,ndibiasioe6@cbslocal.com,Administrative Assistant III,Puget Sound Salish,Female
Catharina,Clutten,ccluttene7,ccluttene7@wordpress.com,Occupational Therapist,Latin American Indian,Female
Wadsworth,Micah,wmicahe8,wmicahe8@admin.ch,Programmer Analyst I,Cherokee,Male
Sondra,Snartt,ssnartte9,ssnartte9@samsung.com,Budget/Accounting Analyst I,Yakama,Female
Sven,Sharpin,ssharpinea,ssharpinea@aol.com,Pharmacist,Cherokee,Male
Koral,Rountree,krountreeeb,krountreeeb@sakura.ne.jp,Media Manager I,Cambodian,Female
Vivi,Budnk,vbudnkec,vbudnkec@independent.co.uk,Teacher,Tlingit-Haida,Female
Tessi,Cookson,tcooksoned,tcooksoned@tumblr.com,Research Associate,Fijian,Female
Emanuel,Geertsen,egeertsenee,egeertsenee@aol.com,Web Developer I,Guatemalan,Male
Ewan,Arghent,earghentef,earghentef@chicagotribune.com,Nurse,Central American,Male
Rolfe,Marcos,rmarcoseg,rmarcoseg@yahoo.com,Health Coach II,Nicaraguan,Male
Reggie,Luxton,rluxtoneh,rluxtoneh@spiegel.de,Senior Quality Engineer,Chilean,Male
Gloriana,Cummins,gcumminsei,gcumminsei@mozilla.org,Desktop Support Technician,Guatemalan,Female
Turner,Musicka,tmusickaej,tmusickaej@blinklist.com,Health Coach III,Pueblo,Male
Niven,McGrouther,nmcgroutherek,nmcgroutherek@ustream.tv,Sales Representative,Cheyenne,Male
Ericka,Vondrach,evondrachel,evondrachel@omniture.com,VP Marketing,Eskimo,Female
Yoshi,Eseler,yeselerem,yeselerem@tiny.cc,Marketing Manager,Puget Sound Salish,Female
Brock,Gunny,bgunnyen,bgunnyen@nature.com,Accountant IV,Colville,Male
Burgess,Suarez,bsuarezeo,bsuarezeo@bloomberg.com,Actuary,Hmong,Male
Barbaraanne,Dillingham,bdillinghamep,bdillinghamep@gov.uk,Data Coordiator,Yakama,Female
Constancia,Joderli,cjoderlieq,cjoderlieq@guardian.co.uk,Community Outreach Specialist,Navajo,Female
Wyn,Gronav,wgronaver,wgronaver@ucla.edu,Electrical Engineer,Central American,Male
Barnaby,MacHostie,bmachostiees,bmachostiees@springer.com,Physical Therapy Assistant,Filipino,Male
Stavros,Hynd,shyndet,shyndet@twitpic.com,Nurse,Guatemalan,Male
Yovonnda,Narraway,ynarrawayeu,ynarrawayeu@purevolume.com,VP Marketing,Argentinian,Female
Jefferey,Driffield,jdriffieldev,jdriffieldev@csmonitor.com,Financial Advisor,Pima,Male
Moise,Micheli,mmicheliew,mmicheliew@imageshack.us,Programmer IV,Sri Lankan,Male
Steffane,Laurenceau,slaurenceauex,slaurenceauex@economist.com,Nurse Practicioner,Creek,Female
Corina,Ruegg,crueggey,crueggey@cpanel.net,GIS Technical Architect,Sioux,Female
Pamelina,Spaule,pspauleez,pspauleez@imageshack.us,Junior Executive,Pueblo,Female
Jan,Sommersett,jsommersettf0,jsommersettf0@reverbnation.com,Safety Technician IV,Ecuadorian,Male
Itch,Urlin,iurlinf1,iurlinf1@123-reg.co.uk,Assistant Media Planner,Potawatomi,Male
Redford,Gladding,rgladdingf2,rgladdingf2@dropbox.com,Safety Technician IV,Yakama,Male
Sayres,Fownes,sfownesf3,sfownesf3@engadget.com,VP Quality Control,South American,Male
Fiann,Mettericke,fmetterickef4,fmetterickef4@dot.gov,Marketing Assistant,Apache,Female
Arch,Jesper,ajesperf5,ajesperf5@webnode.com,Financial Advisor,Ecuadorian,Male
Linet,Trulocke,ltrulockef6,ltrulockef6@vk.com,Food Chemist,Cambodian,Female
Keefe,Berney,kberneyf7,kberneyf7@sphinn.com,Editor,Alaska Native,Male
Wilbert,Gascar,wgascarf8,wgascarf8@blog.com,Financial Analyst,Venezuelan,Male
Ellis,O'Heyne,eoheynef9,eoheynef9@prlog.org,Actuary,Samoan,Male
Carson,Aimable,caimablefa,caimablefa@aol.com,Compensation Analyst,Pakistani,Male
Debee,Ridulfo,dridulfofb,dridulfofb@go.com,Tax Accountant,Cherokee,Female
Rick,Pagon,rpagonfc,rpagonfc@etsy.com,Community Outreach Specialist,Costa Rican,Male
Ruthanne,Simmans,rsimmansfd,rsimmansfd@slideshare.net,Web Developer III,Dominican (Dominican Republic),Female
Johny,Olcot,jolcotfe,jolcotfe@bigcartel.com,VP Product Management,Chippewa,Male
Armando,Windrass,awindrassff,awindrassff@upenn.edu,Librarian,Panamanian,Male
Lesli,Nutkins,lnutkinsfg,lnutkinsfg@icio.us,Director of Sales,Samoan,Female
Gauthier,Bosnell,gbosnellfh,gbosnellfh@alexa.com,Web Designer I,Malaysian,Male
Robbyn,Lalevee,rlaleveefi,rlaleveefi@globo.com,Accounting Assistant I,Ecuadorian,Female
Dacy,Cumine,dcuminefj,dcuminefj@sakura.ne.jp,Engineer II,Choctaw,Female
Evania,Murphey,emurpheyfk,emurpheyfk@discovery.com,Technical Writer,Navajo,Female
Eunice,Purcell,epurcellfl,epurcellfl@twitter.com,Graphic Designer,Colombian,Female
Electra,Armitt,earmittfm,earmittfm@typepad.com,Project Manager,Yaqui,Female
Shepard,Roddick,sroddickfn,sroddickfn@pagesperso-orange.fr,Financial Analyst,Taiwanese,Male
Gawain,Slite,gslitefo,gslitefo@linkedin.com,Pharmacist,Iroquois,Male
Rex,Yaldren,ryaldrenfp,ryaldrenfp@narod.ru,Assistant Professor,Pueblo,Male
Micky,Raff,mrafffq,mrafffq@istockphoto.com,Nuclear Power Engineer,Cherokee,Female
Harri,Mathivat,hmathivatfr,hmathivatfr@hao123.com,Product Engineer,Uruguayan,Female
Teddi,Coraini,tcorainifs,tcorainifs@sogou.com,Account Representative I,Osage,Female
Ketti,Ruller,krullerft,krullerft@gravatar.com,Staff Scientist,Ute,Female
Meridith,Lewnden,mlewndenfu,mlewndenfu@wikimedia.org,Help Desk Operator,Dominican (Dominican Republic),Female
Sonya,Steddall,ssteddallfv,ssteddallfv@uol.com.br,Software Test Engineer II,Costa Rican,Female
Ardith,Harriott,aharriottfw,aharriottfw@ibm.com,Accounting Assistant III,Osage,Female
Alene,Winton,awintonfx,awintonfx@nasa.gov,Software Test Engineer II,Sri Lankan,Female
Adria,Firpo,afirpofy,afirpofy@xinhuanet.com,Mechanical Systems Engineer,Yuman,Female
Sauveur,Hentzeler,shentzelerfz,shentzelerfz@wiley.com,Accountant I,Iroquois,Male
Natassia,Eatock,neatockg0,neatockg0@bigcartel.com,Nurse Practicioner,Central American,Female
Nanny,Bridgeman,nbridgemang1,nbridgemang1@google.es,Social Worker,Argentinian,Female
Broderick,Harriott,bharriottg2,bharriottg2@sakura.ne.jp,Compensation Analyst,South American,Male
Edmon,MacGeaney,emacgeaneyg3,emacgeaneyg3@hatena.ne.jp,Operator,Taiwanese,Male
Garold,Pendred,gpendredg4,gpendredg4@aboutads.info,Internal Auditor,Kiowa,Male
Truman,Collum,tcollumg5,tcollumg5@multiply.com,Human Resources Assistant I,Laotian,Male
Cecil,Leneve,cleneveg6,cleneveg6@ezinearticles.com,Health Coach III,Latin American Indian,Male
Amabel,Brogioni,abrogionig7,abrogionig7@ocn.ne.jp,Office Assistant IV,Chippewa,Female
Harv,Ravillas,hravillasg8,hravillasg8@joomla.org,Administrative Assistant II,Sri Lankan,Male
Graham,Vaar,gvaarg9,gvaarg9@reddit.com,Assistant Professor,Cheyenne,Male
Mart,Gater,mgaterga,mgaterga@salon.com,VP Accounting,Pima,Male
Clayton,Naile,cnailegb,cnailegb@etsy.com,Junior Executive,Crow,Male
Weber,Duffield,wduffieldgc,wduffieldgc@sohu.com,Data Coordiator,Bolivian,Male
Bartram,Pablo,bpablogd,bpablogd@fastcompany.com,Programmer Analyst I,American Indian and Alaska Native (AIAN),Male
Nestor,Thurlbeck,nthurlbeckge,nthurlbeckge@google.ru,Internal Auditor,Taiwanese,Male
Ximenes,Kither,xkithergf,xkithergf@time.com,Structural Engineer,Tongan,Male
Loella,Bapty,lbaptygg,lbaptygg@qq.com,Analyst Programmer,Alaskan Athabascan,Female
Bruce,Jahn,bjahngh,bjahngh@webmd.com,Tax Accountant,Fijian,Male
Ninette,Soff,nsoffgi,nsoffgi@quantcast.com,Technical Writer,Samoan,Female
Kaine,McMenamy,kmcmenamygj,kmcmenamygj@moonfruit.com,Data Coordiator,Ecuadorian,Male
Vinny,Howen,vhowengk,vhowengk@goo.ne.jp,Assistant Media Planner,Crow,Female
Ryun,Spancock,rspancockgl,rspancockgl@rediff.com,VP Marketing,Asian Indian,Male
Sonny,Galey,sgaleygm,sgaleygm@newsvine.com,Speech Pathologist,Alaska Native,Male
Danella,Fausset,dfaussetgn,dfaussetgn@domainmarket.com,Civil Engineer,Creek,Female
Meg,Chansonne,mchansonnego,mchansonnego@g.co,Administrative Officer,Mexican,Female
Ava,Perutto,aperuttogp,aperuttogp@redcross.org,Design Engineer,Iroquois,Female
Ellyn,Morrott,emorrottgq,emorrottgq@webnode.com,VP Marketing,Shoshone,Female
Tobie,Peniello,tpeniellogr,tpeniellogr@amazon.de,Legal Assistant,Pakistani,Male
Dasya,Duns,ddunsgs,ddunsgs@t.co,Recruiter,Colombian,Female
Gertrud,Quinn,gquinngt,gquinngt@feedburner.com,Programmer III,Yaqui,Female
Lyle,Almond,lalmondgu,lalmondgu@oakley.com,Computer Systems Analyst II,American Indian and Alaska Native (AIAN),Male
Base,Bednall,bbednallgv,bbednallgv@artisteer.com,Civil Engineer,Cuban,Male
Annetta,Lynas,alynasgw,alynasgw@ezinearticles.com,Community Outreach Specialist,White,Female
Shermy,Coaker,scoakergx,scoakergx@ft.com,Executive Secretary,Samoan,Male
Cordie,Feltoe,cfeltoegy,cfeltoegy@msn.com,Senior Financial Analyst,Chippewa,Female
Cherry,Beeby,cbeebygz,cbeebygz@phoca.cz,Financial Analyst,Tohono O'Odham,Female
Hammad,Hatch,hhatchh0,hhatchh0@weebly.com,Clinical Specialist,Cree,Male
Beatrix,Battle,bbattleh1,bbattleh1@fastcompany.com,Marketing Assistant,Peruvian,Female
Amby,Atyeo,aatyeoh2,aatyeoh2@cargocollective.com,Account Coordinator,Native Hawaiian and Other Pacific Islander (NHPI),Male
Jannelle,Fosdick,jfosdickh3,jfosdickh3@eventbrite.com,VP Accounting,Fijian,Female
Ciro,Kuscha,ckuschah4,ckuschah4@dailymotion.com,Research Associate,Micronesian,Male
Yves,Beumant,ybeumanth5,ybeumanth5@economist.com,Accountant I,Pakistani,Male
Brear,Rabier,brabierh6,brabierh6@cbc.ca,Computer Systems Analyst I,Spaniard,Female
Rosie,McGahern,rmcgahernh7,rmcgahernh7@state.gov,Research Assistant III,Yuman,Female
Leticia,Emmet,lemmeth8,lemmeth8@seesaa.net,Nurse,Argentinian,Female
Fremont,Cottey,fcotteyh9,fcotteyh9@meetup.com,Senior Sales Associate,Honduran,Male
Carlota,Cheake,ccheakeha,ccheakeha@google.ca,Health Coach II,Puerto Rican,Female
Lynn,Quinane,lquinanehb,lquinanehb@home.pl,Desktop Support Technician,Yakama,Male
Minnie,Van der Kruis,mvanderkruishc,mvanderkruishc@cdc.gov,Office Assistant IV,Apache,Female
Ashbey,Frear,afrearhd,afrearhd@reverbnation.com,Paralegal,Pima,Male
Giovanna,Trunchion,gtrunchionhe,gtrunchionhe@deviantart.com,Graphic Designer,Asian,Female
Reynolds,Bryers,rbryershf,rbryershf@japanpost.jp,Sales Associate,Paiute,Male
Bryna,Hammarberg,bhammarberghg,bhammarberghg@paginegialle.it,Media Manager IV,American Indian and Alaska Native (AIAN),Female
Chad,Durden,cdurdenhh,cdurdenhh@globo.com,Junior Executive,Latin American Indian,Male
Cheryl,Dowglass,cdowglasshi,cdowglasshi@slideshare.net,Marketing Manager,Eskimo,Female
Jilly,Anselmi,janselmihj,janselmihj@feedburner.com,Software Consultant,Vietnamese,Female
Clint,Hillan,chillanhk,chillanhk@angelfire.com,Administrative Assistant IV,Aleut,Male
Richard,Daybell,rdaybellhl,rdaybellhl@alibaba.com,Graphic Designer,Crow,Male
Abigael,Durdy,adurdyhm,adurdyhm@livejournal.com,VP Product Management,Menominee,Female
Dickie,Langland,dlanglandhn,dlanglandhn@jalbum.net,Statistician III,Panamanian,Male
Neile,Fenix,nfenixho,nfenixho@nba.com,Marketing Manager,Asian Indian,Female
Amberly,Gallelli,agallellihp,agallellihp@vk.com,Payment Adjustment Coordinator,White,Female
Farlie,Thorrington,fthorringtonhq,fthorringtonhq@privacy.gov.au,Financial Analyst,Melanesian,Male
Laural,Reeman,lreemanhr,lreemanhr@printfriendly.com,Product Engineer,Sioux,Female
Gilburt,Folder,gfolderhs,gfolderhs@freewebs.com,Business Systems Development Analyst,Yaqui,Male
Reinaldo,Creser,rcreserht,rcreserht@acquirethisname.com,Software Test Engineer IV,Crow,Male
Fredi,Benezet,fbenezethu,fbenezethu@deviantart.com,Community Outreach Specialist,Lumbee,Female
Willette,Purches,wpurcheshv,wpurcheshv@state.gov,Database Administrator I,Yuman,Female
Lucien,Habbin,lhabbinhw,lhabbinhw@seesaa.net,Developer II,Lumbee,Male
Stavros,Dugall,sdugallhx,sdugallhx@amazon.co.uk,Administrative Officer,Cree,Male
Teddie,Dugget,tduggethy,tduggethy@ft.com,Associate Professor,Native Hawaiian and Other Pacific Islander (NHPI),Male
Alonzo,Puleque,apulequehz,apulequehz@narod.ru,Civil Engineer,White,Male
Patrice,Sewart,psewarti0,psewarti0@1und1.de,Systems Administrator II,Puerto Rican,Female
Charlotta,Mathys,cmathysi1,cmathysi1@newyorker.com,Budget/Accounting Analyst IV,Ute,Female
Gordie,Rollings,grollingsi2,grollingsi2@phpbb.com,Senior Quality Engineer,Crow,Male
Michal,Pusey,mpuseyi3,mpuseyi3@bandcamp.com,Quality Control Specialist,Indonesian,Male
Tomlin,Jagiela,tjagielai4,tjagielai4@booking.com,Chief Design Engineer,Cheyenne,Male
Jamil,Brownstein,jbrownsteini5,jbrownsteini5@utexas.edu,Teacher,Eskimo,Male
Aleksandr,Tremaine,atremainei6,atremainei6@ox.ac.uk,Sales Representative,Choctaw,Male
Debee,Janczyk,djanczyki7,djanczyki7@wunderground.com,Environmental Tech,Uruguayan,Female
Charleen,Manuaud,cmanuaudi8,cmanuaudi8@simplemachines.org,Media Manager I,Sioux,Female
Northrop,Dayce,ndaycei9,ndaycei9@parallels.com,Product Engineer,Blackfeet,Male
Murry,Newborn,mnewbornia,mnewbornia@whitehouse.gov,Research Assistant III,Cree,Male
Dion,Loveard,dloveardib,dloveardib@washingtonpost.com,Quality Engineer,Menominee,Female
Harcourt,Howland,hhowlandic,hhowlandic@geocities.com,Desktop Support Technician,Venezuelan,Male
Conchita,Warbeys,cwarbeysid,cwarbeysid@edublogs.org,Account Representative III,Pakistani,Female
Farleigh,Makeswell,fmakeswellie,fmakeswellie@ameblo.jp,Business Systems Development Analyst,Malaysian,Male
Erie,Rumsey,erumseyif,erumseyif@dailymotion.com,Mechanical Systems Engineer,American Indian and Alaska Native (AIAN),Male
Rosalie,Hotton,rhottonig,rhottonig@phoca.cz,Senior Developer,Chamorro,Female
Ruthy,Renzullo,rrenzulloih,rrenzulloih@biblegateway.com,Occupational Therapist,Crow,Female
Cesar,Trow,ctrowii,ctrowii@last.fm,Operator,Colombian,Male
Raychel,Bredgeland,rbredgelandij,rbredgelandij@ifeng.com,Software Test Engineer II,Yakama,Female
Dorthy,Dillistone,ddillistoneik,ddillistoneik@elegantthemes.com,Executive Secretary,Spaniard,Female
Shantee,Smurthwaite,ssmurthwaiteil,ssmurthwaiteil@linkedin.com,Environmental Specialist,Laotian,Female
Giffie,Domico,gdomicoim,gdomicoim@go.com,Professor,Vietnamese,Male
Farrell,Easterling,feasterlingin,feasterlingin@youtube.com,Analyst Programmer,Iroquois,Male
Aurore,Firks,afirksio,afirksio@vkontakte.ru,Assistant Manager,Puerto Rican,Female
Dorie,Cressor,dcressorip,dcressorip@chicagotribune.com,Senior Cost Accountant,Malaysian,Male
Anastassia,Challender,achallenderiq,achallenderiq@godaddy.com,Recruiter,Hmong,Female
Klemens,Coad,kcoadir,kcoadir@sourceforge.net,Database Administrator II,Sioux,Male
Dukie,Rysom,drysomis,drysomis@accuweather.com,Analyst Programmer,Houma,Male
Alexandros,Dalmon,adalmonit,adalmonit@salon.com,Design Engineer,Ecuadorian,Male
Syd,Lonnon,slonnoniu,slonnoniu@state.tx.us,Structural Analysis Engineer,Paraguayan,Male
Yorker,Bagnold,ybagnoldiv,ybagnoldiv@vimeo.com,Mechanical Systems Engineer,Crow,Male
Roseanne,Bart,rbartiw,rbartiw@cargocollective.com,Health Coach I,Pakistani,Female
Saxe,Sixsmith,ssixsmithix,ssixsmithix@technorati.com,Web Developer II,Chilean,Male
Ann-marie,Mouget,amougetiy,amougetiy@sourceforge.net,Environmental Specialist,Puget Sound Salish,Female
Buddie,Archbold,barchboldiz,barchboldiz@angelfire.com,Senior Financial Analyst,Cherokee,Male
Dagny,Broom,dbroomj0,dbroomj0@hubpages.com,Assistant Professor,Seminole,Male
Larina,Imms,limmsj1,limmsj1@archive.org,Compensation Analyst,Cambodian,Female
Filberte,Bloomer,fbloomerj2,fbloomerj2@yelp.com,Account Executive,South American,Male
Jens,Sheara,jshearaj3,jshearaj3@google.it,Structural Engineer,Chamorro,Male
Easter,Durrad,edurradj4,edurradj4@goo.ne.jp,Account Coordinator,Filipino,Female
Ainslie,Woolsey,awoolseyj5,awoolseyj5@chron.com,Engineer IV,Bangladeshi,Female
Sioux,Duerdin,sduerdinj6,sduerdinj6@elegantthemes.com,Nuclear Power Engineer,Honduran,Female
Caryl,Newbury,cnewburyj7,cnewburyj7@indiegogo.com,Registered Nurse,Creek,Female
Durand,Eliasen,deliasenj8,deliasenj8@csmonitor.com,Assistant Professor,Yuman,Male
Angeline,Scanlin,ascanlinj9,ascanlinj9@squidoo.com,Staff Scientist,Crow,Female
Carrissa,Yuryaev,cyuryaevja,cyuryaevja@mysql.com,Director of Sales,Puget Sound Salish,Female
Rhea,Cardozo,rcardozojb,rcardozojb@pbs.org,Financial Advisor,Cree,Female
Tate,Hansman,thansmanjc,thansmanjc@howstuffworks.com,Assistant Professor,Taiwanese,Male
Bunni,Preddle,bpreddlejd,bpreddlejd@twitpic.com,Programmer Analyst IV,Bolivian,Female
Lucinda,Brereton,lbreretonje,lbreretonje@cam.ac.uk,Physical Therapy Assistant,Venezuelan,Female
Roth,Jalland,rjallandjf,rjallandjf@youtu.be,Senior Sales Associate,Uruguayan,Male
Daven,Kelwaybamber,dkelwaybamberjg,dkelwaybamberjg@weebly.com,Internal Auditor,Lumbee,Male
Lane,Haxell,lhaxelljh,lhaxelljh@bing.com,Junior Executive,Sri Lankan,Male
Donalt,Haldene,dhaldeneji,dhaldeneji@4shared.com,Computer Systems Analyst I,Cambodian,Male
Amity,Cail,acailjj,acailjj@domainmarket.com,Human Resources Manager,Menominee,Female
Noble,Geibel,ngeibeljk,ngeibeljk@yellowbook.com,Environmental Specialist,Guatemalan,Male
Alonzo,Arrighetti,aarrighettijl,aarrighettijl@goodreads.com,Sales Associate,Tongan,Male
Tommie,todor,ttodorjm,ttodorjm@bloglovin.com,Account Coordinator,Bolivian,Female
Jody,Sewall,jsewalljn,jsewalljn@gnu.org,Junior Executive,Micronesian,Male
Major,Wedderburn,mwedderburnjo,mwedderburnjo@godaddy.com,Professor,Korean,Male
Dora,Holdall,dholdalljp,dholdalljp@canalblog.com,Sales Associate,Mexican,Female
Oralie,Emm,oemmjq,oemmjq@princeton.edu,Analyst Programmer,Aleut,Female
Chandal,Webbe,cwebbejr,cwebbejr@mapquest.com,Sales Representative,Colville,Female
Ema,Bogey,ebogeyjs,ebogeyjs@hud.gov,Human Resources Assistant IV,Cherokee,Female
Zachery,Ratledge,zratledgejt,zratledgejt@fastcompany.com,Web Designer IV,Paraguayan,Male
Dilly,Le Grice,dlegriceju,dlegriceju@macromedia.com,Actuary,Chippewa,Male
Daria,Tilbey,dtilbeyjv,dtilbeyjv@blogger.com,Community Outreach Specialist,Puget Sound Salish,Female
Milzie,Vian,mvianjw,mvianjw@chron.com,Pharmacist,Honduran,Female
Debbi,Bromhead,dbromheadjx,dbromheadjx@bravesites.com,Account Executive,Venezuelan,Female
Barny,Ilymanov,bilymanovjy,bilymanovjy@reddit.com,Health Coach II,Menominee,Male
Adella,Keigher,akeigherjz,akeigherjz@vk.com,Director of Sales,Paiute,Female
Bone,Lenney,blenneyk0,blenneyk0@icio.us,Recruiting Manager,Asian,Male
Helga,Brookton,hbrooktonk1,hbrooktonk1@ca.gov,Social Worker,Chamorro,Female
Edouard,Glanville,eglanvillek2,eglanvillek2@nyu.edu,Staff Accountant II,Delaware,Male
Bartholomeo,Waywell,bwaywellk3,bwaywellk3@over-blog.com,VP Sales,Cambodian,Male
Fleming,Scraney,fscraneyk4,fscraneyk4@ameblo.jp,Computer Systems Analyst IV,Sioux,Male
Olly,Mixer,omixerk5,omixerk5@bloglovin.com,Director of Sales,Laotian,Male
Janette,Snashall,jsnashallk6,jsnashallk6@si.edu,Automation Specialist III,Kiowa,Female
Pierrette,Alfonsetti,palfonsettik7,palfonsettik7@foxnews.com,Database Administrator I,Korean,Female
Pooh,Malenoir,pmalenoirk8,pmalenoirk8@pen.io,Technical Writer,Pakistani,Female
Danika,Shoobridge,dshoobridgek9,dshoobridgek9@devhub.com,Assistant Professor,Chippewa,Female
Malcolm,Meadows,mmeadowska,mmeadowska@microsoft.com,Tax Accountant,Chamorro,Male
Ichabod,Duffyn,iduffynkb,iduffynkb@acquirethisname.com,Account Coordinator,Alaskan Athabascan,Male
Millard,Hinkensen,mhinkensenkc,mhinkensenkc@phoca.cz,Account Executive,Delaware,Male
Xylina,Willard,xwillardkd,xwillardkd@shareasale.com,Legal Assistant,Navajo,Female
Bradford,Goodspeed,bgoodspeedke,bgoodspeedke@51.la,VP Accounting,Yakama,Male
Hamlen,Ketteridge,hketteridgekf,hketteridgekf@yolasite.com,Nurse,Mexican,Male
Alyda,Tatterton,atattertonkg,atattertonkg@issuu.com,Actuary,Yakama,Female
Waylon,Dansey,wdanseykh,wdanseykh@mayoclinic.com,Administrative Officer,Micronesian,Male
Leigha,Shoebridge,lshoebridgeki,lshoebridgeki@xing.com,Tax Accountant,Houma,Female
Tucker,Matyashev,tmatyashevkj,tmatyashevkj@globo.com,Compensation Analyst,Pima,Male
Rafe,Scoon,rscoonkk,rscoonkk@privacy.gov.au,Quality Control Specialist,Choctaw,Male
Hilliary,Gabbotts,hgabbottskl,hgabbottskl@yale.edu,Physical Therapy Assistant,Asian Indian,Female
Benny,Meus,bmeuskm,bmeuskm@chicagotribune.com,Analyst Programmer,Native Hawaiian and Other Pacific Islander (NHPI),Male
Courtney,Annakin,cannakinkn,cannakinkn@wisc.edu,Compensation Analyst,Indonesian,Male
Florette,Antonutti,fantonuttiko,fantonuttiko@about.com,Financial Advisor,Yuman,Female
Karole,Dawney,kdawneykp,kdawneykp@tinypic.com,Office Assistant II,Argentinian,Female
Paten,Eydel,peydelkq,peydelkq@engadget.com,Internal Auditor,Taiwanese,Male
Erick,Dabnor,edabnorkr,edabnorkr@fda.gov,Social Worker,Yakama,Male
Maurizio,Cannings,mcanningsks,mcanningsks@blogger.com,VP Marketing,Vietnamese,Male
Corrina,Jarry,cjarrykt,cjarrykt@adobe.com,Executive Secretary,Panamanian,Female
Stevie,Murfin,smurfinku,smurfinku@cmu.edu,Nuclear Power Engineer,Pakistani,Male
Hayes,Offner,hoffnerkv,hoffnerkv@cisco.com,VP Product Management,American Indian and Alaska Native (AIAN),Male
Marillin,Formby,mformbykw,mformbykw@ftc.gov,Software Engineer III,Sioux,Female
Annalise,Dewhurst,adewhurstkx,adewhurstkx@nydailynews.com,Statistician II,Ottawa,Female
Kelvin,Girdwood,kgirdwoodky,kgirdwoodky@seesaa.net,VP Marketing,Asian Indian,Male
Lorry,McGiffie,lmcgiffiekz,lmcgiffiekz@twitter.com,Software Test Engineer II,Panamanian,Female
Aylmer,Jedrzejewicz,ajedrzejewiczl0,ajedrzejewiczl0@bigcartel.com,Teacher,Asian,Male
Fayre,Marfell,fmarfelll1,fmarfelll1@google.com.br,Senior Developer,Fijian,Female
Brita,Treverton,btrevertonl2,btrevertonl2@surveymonkey.com,Senior Editor,Native Hawaiian and Other Pacific Islander (NHPI),Female
Cathyleen,Oselton,coseltonl3,coseltonl3@ycombinator.com,Director of Sales,Puget Sound Salish,Female
Standford,Fieldhouse,sfieldhousel4,sfieldhousel4@reverbnation.com,Structural Analysis Engineer,Sioux,Male
Moises,Britcher,mbritcherl5,mbritcherl5@cnn.com,Automation Specialist IV,Black or African American,Male
Jervis,Blampy,jblampyl6,jblampyl6@umn.edu,Marketing Manager,Cheyenne,Male
Maribelle,Crufts,mcruftsl7,mcruftsl7@dion.ne.jp,Product Engineer,American Indian and Alaska Native (AIAN),Female
Cathee,Dory,cdoryl8,cdoryl8@state.tx.us,Safety Technician II,Cuban,Female
Anett,Pena,apenal9,apenal9@theatlantic.com,Nurse Practicioner,Costa Rican,Female
Will,Yukhnev,wyukhnevla,wyukhnevla@issuu.com,VP Sales,Polynesian,Male
Miner,Cantillon,mcantillonlb,mcantillonlb@squidoo.com,Dental Hygienist,Sri Lankan,Male
Nelson,Lakenden,nlakendenlc,nlakendenlc@buzzfeed.com,Product Engineer,Yaqui,Male
Erik,Lothlorien,elothlorienld,elothlorienld@bandcamp.com,Safety Technician III,Yakama,Male
Erin,Matthiae,ematthiaele,ematthiaele@wiley.com,Staff Scientist,Seminole,Male
Lucine,Seaton,lseatonlf,lseatonlf@netscape.com,Design Engineer,Melanesian,Female
George,Corbishley,gcorbishleylg,gcorbishleylg@google.co.uk,Food Chemist,American Indian and Alaska Native (AIAN),Male
Corie,Palia,cpalialh,cpalialh@aboutads.info,Administrative Assistant II,Osage,Female
Neall,Heinzler,nheinzlerli,nheinzlerli@google.com.au,Physical Therapy Assistant,Lumbee,Male
Samaria,Edmondson,sedmondsonlj,sedmondsonlj@fastcompany.com,Sales Associate,Honduran,Female
Sheffield,MacSharry,smacsharrylk,smacsharrylk@zimbio.com,Food Chemist,American Indian and Alaska Native (AIAN),Male
Marge,Clell,mclellll,mclellll@scribd.com,Civil Engineer,Cambodian,Female
Hetty,Sprosson,hsprossonlm,hsprossonlm@istockphoto.com,Tax Accountant,Guamanian,Female
Jan,Tinmouth,jtinmouthln,jtinmouthln@google.com.hk,Desktop Support Technician,Korean,Male
Haze,Tewkesbury,htewkesburylo,htewkesburylo@edublogs.org,Civil Engineer,Ecuadorian,Male
Aubrette,Stares,astareslp,astareslp@cnn.com,Mechanical Systems Engineer,Chamorro,Female
Kimmie,Wretham,kwrethamlq,kwrethamlq@alibaba.com,Operator,Seminole,Female
Leontyne,Kirkhouse,lkirkhouselr,lkirkhouselr@earthlink.net,Account Executive,White,Female
Melitta,Caitlin,mcaitlinls,mcaitlinls@cafepress.com,Senior Financial Analyst,Asian,Female
Kristin,Bosward,kboswardlt,kboswardlt@t-online.de,Nurse,Apache,Female
Tomaso,Cremin,tcreminlu,tcreminlu@harvard.edu,VP Sales,Sioux,Male
Filia,Matussov,fmatussovlv,fmatussovlv@discuz.net,General Manager,Taiwanese,Female
Tobias,Scoffins,tscoffinslw,tscoffinslw@slideshare.net,Environmental Tech,Melanesian,Male
Pen,Maybey,pmaybeylx,pmaybeylx@weather.com,Structural Engineer,Cree,Female
Renaldo,Scholcroft,rscholcroftly,rscholcroftly@admin.ch,Dental Hygienist,Creek,Male
Ibbie,Pallis,ipallislz,ipallislz@51.la,Staff Scientist,Yaqui,Female
Lorens,Speak,lspeakm0,lspeakm0@com.com,VP Sales,Guatemalan,Male
Lukas,Crooks,lcrooksm1,lcrooksm1@adobe.com,Accountant IV,Seminole,Male
Lisabeth,Volleth,lvollethm2,lvollethm2@unc.edu,Help Desk Technician,Aleut,Female
Ethe,Letford,eletfordm3,eletfordm3@typepad.com,Structural Analysis Engineer,Chippewa,Male
Coralie,Phinnessy,cphinnessym4,cphinnessym4@xing.com,Senior Editor,Kiowa,Female
Johann,Guitonneau,jguitonneaum5,jguitonneaum5@usnews.com,Senior Developer,Samoan,Male
Lilly,Fearnley,lfearnleym6,lfearnleym6@ebay.com,Operator,Aleut,Female
Bonnie,Czaple,bczaplem7,bczaplem7@vinaora.com,Research Assistant I,Cambodian,Female
Tudor,Waterstone,twaterstonem8,twaterstonem8@discovery.com,Product Engineer,Korean,Male
Leeann,Kettlestringe,lkettlestringem9,lkettlestringem9@yellowbook.com,Developer I,American Indian and Alaska Native (AIAN),Female
Theodor,McQuilty,tmcquiltyma,tmcquiltyma@comsenz.com,Computer Systems Analyst III,Chamorro,Male
Shepperd,Farrand,sfarrandmb,sfarrandmb@nature.com,Marketing Assistant,Argentinian,Male
Gwen,Collins,gcollinsmc,gcollinsmc@imdb.com,Teacher,Malaysian,Female
Andie,Rakestraw,arakestrawmd,arakestrawmd@myspace.com,Registered Nurse,Chippewa,Female
Christian,Piatkowski,cpiatkowskime,cpiatkowskime@jugem.jp,Sales Associate,Latin American Indian,Male
Candace,Tremmil,ctremmilmf,ctremmilmf@typepad.com,Community Outreach Specialist,Apache,Female
Siward,Crumb,scrumbmg,scrumbmg@wisc.edu,Product Engineer,Seminole,Male
Codee,Brotherheed,cbrotherheedmh,cbrotherheedmh@google.nl,Librarian,Comanche,Female
Loralie,Gretham,lgrethammi,lgrethammi@nps.gov,Marketing Assistant,Micronesian,Female
Frasco,Pudding,fpuddingmj,fpuddingmj@si.edu,Assistant Manager,Argentinian,Male
Laura,Nussen,lnussenmk,lnussenmk@msn.com,Nurse,Peruvian,Female
Blakelee,Copeland,bcopelandml,bcopelandml@shop-pro.jp,Accountant IV,Thai,Female
Oriana,McCullough,omcculloughmm,omcculloughmm@nih.gov,Electrical Engineer,Polynesian,Female
Giles,Hellin,ghellinmn,ghellinmn@ovh.net,Nuclear Power Engineer,Nicaraguan,Male
Prudi,Irce,pircemo,pircemo@state.tx.us,VP Accounting,Malaysian,Female
Agnese,Sleight,asleightmp,asleightmp@elpais.com,Information Systems Manager,Asian,Female
Pattie,Baraja,pbarajamq,pbarajamq@artisteer.com,Programmer Analyst II,Comanche,Male
Alfie,Trillow,atrillowmr,atrillowmr@amazon.de,Sales Associate,Crow,Male
Mallissa,Fursland,mfurslandms,mfurslandms@smh.com.au,Nuclear Power Engineer,Tlingit-Haida,Female
Pollyanna,Woodington,pwoodingtonmt,pwoodingtonmt@utexas.edu,Nurse Practicioner,Creek,Female
Karoline,Shufflebotham,kshufflebothammu,kshufflebothammu@europa.eu,Financial Advisor,Peruvian,Female
Luciano,Jedrzejczyk,ljedrzejczykmv,ljedrzejczykmv@liveinternet.ru,Safety Technician III,Mexican,Male
Imelda,Merredy,imerredymw,imerredymw@acquirethisname.com,Marketing Assistant,Blackfeet,Female
Renate,Goulden,rgouldenmx,rgouldenmx@ca.gov,Automation Specialist I,Seminole,Female
Julee,Creaser,jcreasermy,jcreasermy@chicagotribune.com,VP Quality Control,Peruvian,Female
Rafael,Lovstrom,rlovstrommz,rlovstrommz@discovery.com,Account Coordinator,Argentinian,Male
Nonah,Kleeman,nkleemann0,nkleemann0@cargocollective.com,Senior Financial Analyst,Native Hawaiian,Female
Pyotr,O'Canavan,pocanavann1,pocanavann1@ihg.com,Software Consultant,Guamanian,Male
Marietta,Filkin,mfilkinn2,mfilkinn2@ucsd.edu,Research Nurse,Native Hawaiian and Other Pacific Islander (NHPI),Male
Jeremias,Bradick,jbradickn3,jbradickn3@si.edu,Safety Technician I,Ottawa,Male
Natalina,Tarborn,ntarbornn4,ntarbornn4@hp.com,Web Developer II,Tongan,Female
Ezra,Shawell,eshawelln5,eshawelln5@csmonitor.com,Web Developer III,Creek,Male
Winnah,Burchett,wburchettn6,wburchettn6@paypal.com,Geologist I,Mexican,Female
Austina,Piddocke,apiddocken7,apiddocken7@drupal.org,Marketing Assistant,Eskimo,Female
Dylan,Crix,dcrixn8,dcrixn8@slideshare.net,Project Manager,Samoan,Male
Daveen,Chester,dchestern9,dchestern9@smugmug.com,Database Administrator II,Kiowa,Female
Lenore,Vigietti,lvigiettina,lvigiettina@ifeng.com,Human Resources Manager,Iroquois,Female
Nathaniel,Edens,nedensnb,nedensnb@nasa.gov,Actuary,Creek,Male
Inger,Fardell,ifardellnc,ifardellnc@elegantthemes.com,Pharmacist,Osage,Male
Eddy,Richings,erichingsnd,erichingsnd@t-online.de,Web Developer II,Hmong,Male
Netti,Duckerin,nduckerinne,nduckerinne@ycombinator.com,Teacher,Thai,Female
Birch,Dicks,bdicksnf,bdicksnf@psu.edu,Assistant Media Planner,South American,Male
Bobina,Wadforth,bwadforthng,bwadforthng@archive.org,Analog Circuit Design manager,Ottawa,Female
Merilee,Ebunoluwa,mebunoluwanh,mebunoluwanh@ihg.com,Software Test Engineer I,Bolivian,Female
Thekla,Yurkin,tyurkinni,tyurkinni@shutterfly.com,Senior Cost Accountant,Cherokee,Female
Myer,Huby,mhubynj,mhubynj@ihg.com,Paralegal,Paiute,Male
Brynne,Grimestone,bgrimestonenk,bgrimestonenk@dailymotion.com,Safety Technician IV,Colombian,Female
Kaleb,Downes,kdownesnl,kdownesnl@comcast.net,Senior Cost Accountant,Salvadoran,Male
Silvie,Sennett,ssennettnm,ssennettnm@purevolume.com,Senior Sales Associate,Thai,Female
Brande,Jaeggi,bjaegginn,bjaegginn@uol.com.br,Human Resources Manager,Uruguayan,Female
Doralynn,Lehrmann,dlehrmannno,dlehrmannno@wikimedia.org,VP Sales,Spaniard,Female
Ansel,De Hooch,adehoochnp,adehoochnp@skyrock.com,Account Executive,Colombian,Male
Ethe,Buckler,ebucklernq,ebucklernq@ucoz.com,Marketing Assistant,Taiwanese,Male
Nerissa,Durward,ndurwardnr,ndurwardnr@cafepress.com,Registered Nurse,Korean,Female
Donaugh,Finnes,dfinnesns,dfinnesns@loc.gov,Accountant I,Alaskan Athabascan,Male
Spense,Yarnold,syarnoldnt,syarnoldnt@ifeng.com,Actuary,Guatemalan,Male
Iain,Capsey,icapseynu,icapseynu@berkeley.edu,Account Coordinator,Choctaw,Male
Amery,Juzek,ajuzeknv,ajuzeknv@slideshare.net,Chemical Engineer,Black or African American,Male
Tallou,Kernan,tkernannw,tkernannw@zdnet.com,VP Accounting,Polynesian,Female
Roxie,Dhennin,rdhenninnx,rdhenninnx@blogs.com,Health Coach I,Central American,Female
Sarette,Battyll,sbattyllny,sbattyllny@ow.ly,VP Marketing,Micronesian,Female
Zarah,Dungay,zdungaynz,zdungaynz@unicef.org,Financial Advisor,Menominee,Female
Dody,Stokell,dstokello0,dstokello0@qq.com,Dental Hygienist,Chickasaw,Female
Carry,Vivash,cvivasho1,cvivasho1@storify.com,Compensation Analyst,Choctaw,Female
Garvy,Carnilian,gcarniliano2,gcarniliano2@privacy.gov.au,Community Outreach Specialist,Menominee,Male
Vladimir,Fulker,vfulkero3,vfulkero3@bbb.org,VP Marketing,Filipino,Male
Cully,Ratie,cratieo4,cratieo4@domainmarket.com,Assistant Media Planner,Native Hawaiian,Male
Clerkclaude,Duffan,cduffano5,cduffano5@about.com,Research Nurse,Tohono O'Odham,Male
Benoit,Battye,bbattyeo6,bbattyeo6@utexas.edu,Software Engineer IV,Yuman,Male
Gus,Huburn,ghuburno7,ghuburno7@toplist.cz,Community Outreach Specialist,Pakistani,Male
Adolph,Catherick,acathericko8,acathericko8@vk.com,Statistician III,Shoshone,Male
Susanna,Robion,srobiono9,srobiono9@1und1.de,Quality Engineer,Spaniard,Female
Gleda,Esch,geschoa,geschoa@reddit.com,Media Manager IV,Paraguayan,Female
Sebastiano,Gammage,sgammageob,sgammageob@oakley.com,Account Representative III,Salvadoran,Male
Roderigo,Pheazey,rpheazeyoc,rpheazeyoc@usatoday.com,Librarian,White,Male
Lutero,Meaker,lmeakerod,lmeakerod@apache.org,Social Worker,American Indian and Alaska Native (AIAN),Male
Rhiamon,Noell,rnoelloe,rnoelloe@hud.gov,Structural Engineer,Chippewa,Female
Gnni,Greenman,ggreenmanof,ggreenmanof@trellian.com,Financial Advisor,Melanesian,Female
Gregor,Stollsteimer,gstollsteimerog,gstollsteimerog@foxnews.com,Editor,Samoan,Male
Ellissa,Steffens,esteffensoh,esteffensoh@reverbnation.com,Senior Editor,Yaqui,Female
Booth,Linley,blinleyoi,blinleyoi@timesonline.co.uk,Software Test Engineer I,Yaqui,Male
Ebba,Bowditch,ebowditchoj,ebowditchoj@goodreads.com,Financial Analyst,Blackfeet,Female
Burk,Erlam,berlamok,berlamok@jugem.jp,Marketing Manager,Spaniard,Male
Aloise,Kryzhov,akryzhovol,akryzhovol@macromedia.com,Senior Financial Analyst,Cherokee,Female
Lorens,Tyndall,ltyndallom,ltyndallom@washingtonpost.com,Account Coordinator,Native Hawaiian,Male
Lorrin,Watkin,lwatkinon,lwatkinon@ihg.com,Physical Therapy Assistant,Yuman,Female
Aldin,Buckland,abucklandoo,abucklandoo@icq.com,Cost Accountant,Melanesian,Male
Leo,Bancroft,lbancroftop,lbancroftop@desdev.cn,Chemical Engineer,Cree,Male
Neville,Bewsey,nbewseyoq,nbewseyoq@sina.com.cn,Data Coordiator,Puerto Rican,Male
Brig,Billington,bbillingtonor,bbillingtonor@google.nl,Programmer II,Kiowa,Male
Renard,Etienne,retienneos,retienneos@oaic.gov.au,Mechanical Systems Engineer,Lumbee,Male
Tarrance,Baynam,tbaynamot,tbaynamot@cafepress.com,Research Assistant I,Indonesian,Male
Bartie,Stonehewer,bstonehewerou,bstonehewerou@vk.com,Occupational Therapist,South American,Male
Connor,Gallen,cgallenov,cgallenov@nbcnews.com,Clinical Specialist,Kiowa,Male
Annis,Jaquiss,ajaquissow,ajaquissow@discuz.net,Human Resources Assistant II,Comanche,Female
Archambault,Fessions,afessionsox,afessionsox@ebay.co.uk,Help Desk Operator,Asian,Male
Salem,Troppmann,stroppmannoy,stroppmannoy@irs.gov,Database Administrator IV,Kiowa,Male
Vernice,Vasilic,vvasilicoz,vvasilicoz@hubpages.com,Biostatistician II,Kiowa,Female
Courtney,Wybron,cwybronp0,cwybronp0@shutterfly.com,Human Resources Assistant IV,Panamanian,Female
Francisco,Valentinetti,fvalentinettip1,fvalentinettip1@sbwire.com,VP Quality Control,Native Hawaiian and Other Pacific Islander (NHPI),Male
Odelinda,Domokos,odomokosp2,odomokosp2@icio.us,Director of Sales,Honduran,Female
Duke,Varrow,dvarrowp3,dvarrowp3@google.de,Sales Representative,Alaskan Athabascan,Male
Werner,Barck,wbarckp4,wbarckp4@google.co.jp,Research Associate,Aleut,Male
Nefen,Berzin,nberzinp5,nberzinp5@comsenz.com,Recruiting Manager,Tongan,Male
Deane,Sandiland,dsandilandp6,dsandilandp6@ted.com,Software Engineer II,Aleut,Female
Kerwinn,Bigby,kbigbyp7,kbigbyp7@paypal.com,Research Nurse,Vietnamese,Male
Rosemary,Everitt,reverittp8,reverittp8@hud.gov,Developer IV,Tongan,Female
Pepe,Doylend,pdoylendp9,pdoylendp9@chron.com,Actuary,Yaqui,Male
Reeta,Grooby,rgroobypa,rgroobypa@guardian.co.uk,Senior Financial Analyst,Pakistani,Female
Jordain,Authers,jautherspb,jautherspb@comcast.net,Nuclear Power Engineer,Sioux,Female
Any,Drynan,adrynanpc,adrynanpc@huffingtonpost.com,Recruiter,Paraguayan,Male
Janifer,Markovich,jmarkovichpd,jmarkovichpd@adobe.com,Senior Sales Associate,South American,Female
Fabian,Gregor,fgregorpe,fgregorpe@joomla.org,Computer Systems Analyst IV,Native Hawaiian and Other Pacific Islander (NHPI),Male
Aurelie,Fawks,afawkspf,afawkspf@newsvine.com,Executive Secretary,Aleut,Female
Evin,Butterfint,ebutterfintpg,ebutterfintpg@slate.com,Geological Engineer,Paraguayan,Male
Gayla,McCallion,gmccallionph,gmccallionph@va.gov,Data Coordiator,Aleut,Female
Corrie,Bourgourd,cbourgourdpi,cbourgourdpi@drupal.org,Research Assistant III,Japanese,Male
Kimmie,Donalson,kdonalsonpj,kdonalsonpj@jigsy.com,Senior Cost Accountant,American Indian and Alaska Native (AIAN),Female
Egon,Mosson,emossonpk,emossonpk@amazon.co.uk,Research Assistant III,Sri Lankan,Male
Meyer,Brosnan,mbrosnanpl,mbrosnanpl@sitemeter.com,Assistant Professor,Chickasaw,Male
Daune,De Normanville,ddenormanvillepm,ddenormanvillepm@printfriendly.com,Nurse Practicioner,Chilean,Female
Noland,Rue,nruepn,nruepn@cloudflare.com,Safety Technician III,Crow,Male
Bertie,Smardon,bsmardonpo,bsmardonpo@reverbnation.com,GIS Technical Architect,Tlingit-Haida,Female
Sarina,Mantle,smantlepp,smantlepp@pen.io,Accountant II,Native Hawaiian and Other Pacific Islander (NHPI),Female
Wheeler,Whitta,wwhittapq,wwhittapq@guardian.co.uk,Cost Accountant,Cree,Male
Sybyl,Dhenin,sdheninpr,sdheninpr@dell.com,Health Coach II,Argentinian,Female
Darwin,Church,dchurchps,dchurchps@state.gov,Budget/Accounting Analyst II,Asian,Male
Mark,Wilprecht,mwilprechtpt,mwilprechtpt@geocities.jp,Developer I,Iroquois,Male
Annmarie,Worsfield,aworsfieldpu,aworsfieldpu@whitehouse.gov,Food Chemist,Japanese,Female
Alair,Cramp,acramppv,acramppv@de.vu,Information Systems Manager,Yakama,Male
Guendolen,Busse,gbussepw,gbussepw@dagondesign.com,Speech Pathologist,Seminole,Female
Kyla,Belfitt,kbelfittpx,kbelfittpx@theguardian.com,Developer IV,Apache,Female
Filide,Mercy,fmercypy,fmercypy@merriam-webster.com,Quality Engineer,Iroquois,Female
Leopold,Sowte,lsowtepz,lsowtepz@squidoo.com,Senior Sales Associate,Taiwanese,Male
Susy,Pharo,spharoq0,spharoq0@rakuten.co.jp,Geologist III,Pueblo,Female
Dwain,Gymblett,dgymblettq1,dgymblettq1@cdc.gov,VP Product Management,Lumbee,Male
Kimball,Buckthought,kbuckthoughtq2,kbuckthoughtq2@hexun.com,Senior Cost Accountant,Filipino,Male
Eddie,Kernaghan,ekernaghanq3,ekernaghanq3@netscape.com,Help Desk Technician,Cherokee,Male
Sheelah,Tidgewell,stidgewellq4,stidgewellq4@reuters.com,Quality Engineer,Mexican,Female
Nelia,Venney,nvenneyq5,nvenneyq5@cdbaby.com,Analog Circuit Design manager,Melanesian,Female
Gaspar,Oughton,goughtonq6,goughtonq6@163.com,Tax Accountant,Chamorro,Male
Jenda,Suggate,jsuggateq7,jsuggateq7@google.nl,Director of Sales,Chickasaw,Female
Niles,Tedridge,ntedridgeq8,ntedridgeq8@baidu.com,Chief Design Engineer,Cambodian,Male
Sumner,Thormann,sthormannq9,sthormannq9@usnews.com,Mechanical Systems Engineer,Ottawa,Male
Fraser,Danilin,fdanilinqa,fdanilinqa@google.ru,Senior Editor,Native Hawaiian and Other Pacific Islander (NHPI),Male
Miranda,Irlam,mirlamqb,mirlamqb@bbb.org,Software Test Engineer IV,Choctaw,Female
Addie,Mergue,amergueqc,amergueqc@mtv.com,Computer Systems Analyst III,Lumbee,Female
Lucilia,Snaith,lsnaithqd,lsnaithqd@cbslocal.com,VP Sales,Eskimo,Female
Reinwald,Briskey,rbriskeyqe,rbriskeyqe@yahoo.com,Environmental Tech,Ute,Male
Dickie,Crew,dcrewqf,dcrewqf@youku.com,Senior Editor,Yaqui,Male
Maureen,Sussams,msussamsqg,msussamsqg@ibm.com,Senior Developer,Salvadoran,Female
Fayina,Merrall,fmerrallqh,fmerrallqh@reuters.com,Engineer I,Japanese,Female
Celisse,Bough,cboughqi,cboughqi@storify.com,Sales Representative,Venezuelan,Female
Temple,Mutton,tmuttonqj,tmuttonqj@google.fr,Research Assistant II,Puget Sound Salish,Male
Paige,Excell,pexcellqk,pexcellqk@spiegel.de,Design Engineer,Bangladeshi,Female
Rosalynd,Turl,rturlql,rturlql@npr.org,Payment Adjustment Coordinator,Menominee,Female
Mavis,Chesshyre,mchesshyreqm,mchesshyreqm@wikipedia.org,Research Assistant IV,Costa Rican,Female
Daffie,Blum,dblumqn,dblumqn@tinypic.com,Account Coordinator,Blackfeet,Female
Douglass,Geroldo,dgeroldoqo,dgeroldoqo@altervista.org,Nurse,Asian,Male
Thaxter,Stansell,tstansellqp,tstansellqp@de.vu,Programmer Analyst II,Alaskan Athabascan,Male
Karmen,Feehily,kfeehilyqq,kfeehilyqq@lulu.com,Occupational Therapist,Mexican,Female
Kalina,Bonnick,kbonnickqr,kbonnickqr@bloglovin.com,Research Associate,Pakistani,Female
Darline,Darragh,ddarraghqs,ddarraghqs@netvibes.com,Nurse Practicioner,Tohono O'Odham,Female
Micheil,Krolak,mkrolakqt,mkrolakqt@4shared.com,Quality Control Specialist,Argentinian,Male
Reyna,Abbado,rabbadoqu,rabbadoqu@mail.ru,VP Sales,Sioux,Female
Lowrance,Standen,lstandenqv,lstandenqv@admin.ch,Financial Analyst,Filipino,Male
Even,Le Port,eleportqw,eleportqw@desdev.cn,Junior Executive,Chamorro,Male
Rosene,Give,rgiveqx,rgiveqx@apache.org,Senior Sales Associate,Colombian,Female
Granville,Josling,gjoslingqy,gjoslingqy@reference.com,Nurse,Shoshone,Male
Washington,Agiolfinger,wagiolfingerqz,wagiolfingerqz@discuz.net,Senior Cost Accountant,Cree,Male
Franciska,Wick,fwickr0,fwickr0@oracle.com,VP Product Management,Hmong,Female
Modesty,Redihalgh,mredihalghr1,mredihalghr1@tinyurl.com,Community Outreach Specialist,Cherokee,Female
Bink,Perl,bperlr2,bperlr2@census.gov,Physical Therapy Assistant,Iroquois,Male
Perle,McKendry,pmckendryr3,pmckendryr3@ask.com,Clinical Specialist,Crow,Female
Guilbert,Blaszczyk,gblaszczykr4,gblaszczykr4@sogou.com,Sales Representative,Tohono O'Odham,Male
Janel,Froment,jfromentr5,jfromentr5@reference.com,Pharmacist,Chamorro,Female
Eduardo,Scardifield,escardifieldr6,escardifieldr6@walmart.com,Editor,Cheyenne,Male
Bail,Chung,bchungr7,bchungr7@house.gov,Business Systems Development Analyst,Blackfeet,Male
Addison,Dahlman,adahlmanr8,adahlmanr8@jiathis.com,Teacher,Colville,Male
Lyndell,Wherry,lwherryr9,lwherryr9@ask.com,Graphic Designer,Sri Lankan,Female
Petrina,Fannon,pfannonra,pfannonra@weather.com,Mechanical Systems Engineer,Chickasaw,Female
Jule,Swayland,jswaylandrb,jswaylandrb@tripadvisor.com,Assistant Media Planner,Kiowa,Male
Jemie,Brett,jbrettrc,jbrettrc@google.co.uk,Environmental Specialist,Yakama,Female
Thibaud,Condict,tcondictrd,tcondictrd@archive.org,Junior Executive,Native Hawaiian,Male
Hyatt,Patinkin,hpatinkinre,hpatinkinre@vimeo.com,Operator,Yuman,Male
Mill,Yousef,myousefrf,myousefrf@live.com,Programmer Analyst IV,Indonesian,Male
Millie,Kroch,mkrochrg,mkrochrg@wix.com,Software Consultant,Yakama,Female
Jarrett,Whieldon,jwhieldonrh,jwhieldonrh@sakura.ne.jp,Dental Hygienist,Dominican (Dominican Republic),Male
Van,Dilgarno,vdilgarnori,vdilgarnori@last.fm,Pharmacist,Hmong,Female
Sylvan,Simonaitis,ssimonaitisrj,ssimonaitisrj@umich.edu,Database Administrator I,Native Hawaiian and Other Pacific Islander (NHPI),Male
Desmond,Amphlett,damphlettrk,damphlettrk@posterous.com,Assistant Media Planner,Dominican (Dominican Republic),Male
Kalli,Ilyenko,kilyenkorl,kilyenkorl@naver.com,Paralegal,Uruguayan,Female
Jazmin,Shieber,jshieberrm,jshieberrm@canalblog.com,Administrative Officer,Black or African American,Female
Muffin,Meddings,mmeddingsrn,mmeddingsrn@answers.com,Compensation Analyst,Japanese,Male
Tanney,Armfirld,tarmfirldro,tarmfirldro@fotki.com,Business Systems Development Analyst,Salvadoran,Male
Raphaela,Nafzger,rnafzgerrp,rnafzgerrp@scientificamerican.com,Teacher,Native Hawaiian,Female
Brook,Bener,bbenerrq,bbenerrq@360.cn,Chief Design Engineer,Central American,Female
Rich,Terris,rterrisrr,rterrisrr@mapquest.com,Information Systems Manager,Bolivian,Male
